filename,statement_type,version,raw_label,matched_category,score,raw_value_2025,raw_value_2024
Abbott Labs Pakistan.pdf,balance_sheet,unknown,"Issued, subscribed and paid-up capital",share_capital,97.8,"979,003","979,003"
Abbott Labs Pakistan.pdf,balance_sheet,unknown,Reserves - capital,reserves,84.6,"2,073,901","1,750,481"
Abbott Labs Pakistan.pdf,balance_sheet,unknown,revenue,revenue,100.0,"28,572,553","20,995,152"
Abbott Labs Pakistan.pdf,balance_sheet,unknown,Total equity,total_equity,100.0,"31,625,457","23,724,636"
Abbott Labs Pakistan.pdf,balance_sheet,unknown,Deferred taxation - net,deferred_tax_liabilities,94.0,"989,965","1,052,587"
Abbott Labs Pakistan.pdf,balance_sheet,unknown,Staff retirement benefits,employee_benefits,94.5,"494,943","1,184,179"
Abbott Labs Pakistan.pdf,balance_sheet,unknown,Lease liabilities,lease_liabilities,100.0,"329,677","29,545"
Abbott Labs Pakistan.pdf,balance_sheet,unknown,Total Non-Current Liabilities,total_non_current_liabilities,100.0,"1,814,585","2,266,311"
Abbott Labs Pakistan.pdf,balance_sheet,unknown,Trade and other payables,trade_payables,100.0,"12,198,722","10,951,662"
Abbott Labs Pakistan.pdf,balance_sheet,unknown,Unclaimed dividends,unclaimed_dividend,98.9,"71,155","63,715"
Abbott Labs Pakistan.pdf,balance_sheet,unknown,Taxation - net,income_tax_expense,100.0,"246,958",-
Abbott Labs Pakistan.pdf,balance_sheet,unknown,Current portion of lease liabilities,lease_liabilities,85.7,"158,301","22,683"
Abbott Labs Pakistan.pdf,balance_sheet,unknown,Provisions,provision_for_taxation,79.3,"701,018","622,151"
Abbott Labs Pakistan.pdf,balance_sheet,unknown,Total Current Liabilities,total_current_liabilities,100.0,"13,376,154","11,660,211"
Abbott Labs Pakistan.pdf,balance_sheet,unknown,TOTAL EQUITY AND LIABILITIES,total_equity_and_liabilities,100.0,"46,816,196","37,651,158"
Abbott Labs Pakistan.pdf,balance_sheet,unknown,"Property, plant and equipment",property_plant_equipment,97.2,"15,635,851","14,252,797"
Abbott Labs Pakistan.pdf,balance_sheet,unknown,Intangible assets,intangible_assets,100.0,831,"1,250"
Abbott Labs Pakistan.pdf,balance_sheet,unknown,Long-term loans and advances,loans_and_advances,91.3,"141,175","114,226"
Abbott Labs Pakistan.pdf,balance_sheet,unknown,Long-term deposits,long_term_deposits_asset,94.4,"32,628","7,513"
Abbott Labs Pakistan.pdf,balance_sheet,unknown,Long-term prepayments,prepayments,87.5,"12,395","13,710"
Abbott Labs Pakistan.pdf,balance_sheet,unknown,Total Non-Current Assets,total_non_current_assets,100.0,"15,822,880","14,389,496"
Abbott Labs Pakistan.pdf,balance_sheet,unknown,Stores and spares,stores_and_spares,100.0,"669,690","529,619"
Abbott Labs Pakistan.pdf,balance_sheet,unknown,Stock-in-trade,inventories,85.7,"12,447,838","10,694,515"
Abbott Labs Pakistan.pdf,balance_sheet,unknown,Trade debts,trade_receivables,100.0,"2,820,530","2,982,679"
Abbott Labs Pakistan.pdf,balance_sheet,unknown,Loans and advances,loans_and_advances,100.0,"399,086","938,021"
Abbott Labs Pakistan.pdf,balance_sheet,unknown,short-term prepayments,prepayments,95.5,"313,552","283,813"
Abbott Labs Pakistan.pdf,balance_sheet,unknown,Other receivables,other_receivables,100.0,"1,005,069","1,182,530"
Abbott Labs Pakistan.pdf,balance_sheet,unknown,Taxation - net,tax_refund_receivable,100.0,-,"468,136"
Abbott Labs Pakistan.pdf,balance_sheet,unknown,Cash and cash equivalents,cash_and_bank,100.0,"13,337,551","6,182,349"
Abbott Labs Pakistan.pdf,balance_sheet,unknown,Total Current Assets,total_current_assets,100.0,"30,993,316","23,261,662"
Abbott Labs Pakistan.pdf,balance_sheet,unknown,TOTAL ASSETS,total_assets,100.0,"46,816,196","37,651,158"
Abbott Labs Pakistan.pdf,cash_flow,unknown,Income taxes paid,taxes_paid,100.0,"(5,019,980)","(3,431,236)"
Abbott Labs Pakistan.pdf,cash_flow,unknown,Long-term prepayments - net,prepayments,83.2,"1,315","(10,283)"
Abbott Labs Pakistan.pdf,cash_flow,unknown,Net cash inflow/(outflow) from operating activities,net_cash_from_operations,87.1,"10,740,307","4,674,063"
Abbott Labs Pakistan.pdf,cash_flow,unknown,"Additions to property, plant and equipment",property_plant_equipment,89.9,"(3,299,028)","(3,022,082)"
Abbott Labs Pakistan.pdf,cash_flow,unknown,"Sale proceeds from disposal of property, plant and equipment",proceeds_disposal_fixed_assets,86.8,"280,189","181,547"
Abbott Labs Pakistan.pdf,cash_flow,unknown,Interest income,interest_income_received,90.8,"535,097","472,177"
Abbott Labs Pakistan.pdf,cash_flow,unknown,Net cash outflow from investing activities,cash_from_investing,93.9,"(2,483,742)","(2,368,358)"
Abbott Labs Pakistan.pdf,cash_flow,unknown,Finance cost paid,finance_cost_paid,100.0,"(9,201)","(11,875)"
Abbott Labs Pakistan.pdf,cash_flow,unknown,Interest portion of lease liabilities paid,lease_liabilities,83.1,"(66,458)","(11,739)"
Abbott Labs Pakistan.pdf,cash_flow,unknown,Principal portion of lease liabilities paid,lease_liabilities,82.7,"(54,141)","(105,990)"
Abbott Labs Pakistan.pdf,cash_flow,unknown,Dividends paid,dividend_paid,93.9,"(971,563)","(1,030,464)"
Abbott Labs Pakistan.pdf,cash_flow,unknown,Net cash outflow from financing activities,cash_from_financing,93.9,"(1,101,363)","(1,160,068)"
Abbott Labs Pakistan.pdf,cash_flow,unknown,Net increase/(decrease) in cash and cash equivalents,net_change_in_cash,94.8,"7,155,202","1,145,637"
Abbott Labs Pakistan.pdf,cash_flow,unknown,Cash and cash equivalents at the beginning of the year,cash_at_beginning,100.0,"6,182,349","5,036,712"
Abbott Labs Pakistan.pdf,cash_flow,unknown,Cash and cash equivalents at the end of the year,cash_and_equivalents_at_end,100.0,"13,337,551","6,182,349"
Abbott Labs Pakistan.pdf,cash_flow,unknown,Cash generated from operations,cash_generated_from_operations,100.0,"16,074,607","8,356,459"
Abbott Labs Pakistan.pdf,cash_flow,unknown,Income tax paid,taxes_paid,100.0,"(5,019,980)","(3,325,706)"
Abbott Labs Pakistan.pdf,cash_flow,unknown,Long-term loans and advances,loans_and_advances,91.3,"(26,949)","(18,803)"
Abbott Labs Pakistan.pdf,cash_flow,unknown,Long term deposits,long_term_deposits,100.0,"(25,115)",-
Abbott Labs Pakistan.pdf,cash_flow,unknown,Long-term prepayments,prepayments,87.5,"1,315","(10,283)"
Abbott Labs Pakistan.pdf,cash_flow,unknown,Contributions to staff retirement benefit funds,employee_benefits,79.9,"(342,438)","(300,648)"
Abbott Labs Pakistan.pdf,cash_flow,unknown,Net cash generated from operating activities,net_cash_from_operations,100.0,"10,740,307","4,674,063"
Abbott Labs Pakistan.pdf,cash_flow,unknown,"Additions to property, plant and equipment",property_plant_equipment,89.9,"(3,299,028)","(3,022,082)"
Abbott Labs Pakistan.pdf,cash_flow,unknown,Sale proceeds from disposal of operating fixed assets,proceeds_disposal_fixed_assets,98.0,"280,189","181,547"
Abbott Labs Pakistan.pdf,cash_flow,unknown,Net cash used in investing activities,cash_from_investing,100.0,"(2,483,742)","(2,368,358)"
Abbott Labs Pakistan.pdf,cash_flow,unknown,Interest portion of lease liabilities paid,lease_liabilities,83.1,"(66,458)","(11,739)"
Abbott Labs Pakistan.pdf,cash_flow,unknown,Principal portion of lease liabilities paid,lease_liabilities,82.7,"(54,141)","(105,990)"
Abbott Labs Pakistan.pdf,cash_flow,unknown,Dividends paid,dividend_paid,93.9,"(971,563)","(1,030,464)"
Abbott Labs Pakistan.pdf,cash_flow,unknown,Net cash used in financing activities,cash_from_financing,100.0,"(1,101,363)","(1,160,068)"
Abbott Labs Pakistan.pdf,cash_flow,unknown,Net increase in cash and cash equivalents,net_change_in_cash,100.0,"7,155,202","1,145,637"
Abbott Labs Pakistan.pdf,cash_flow,unknown,Cash and cash equivalents at the beginning of the year,cash_at_beginning,100.0,"6,182,349","5,036,712"
Abbott Labs Pakistan.pdf,cash_flow,unknown,Cash and cash equivalents at the end of the year,cash_and_equivalents_at_end,100.0,"13,337,551","6,182,349"
Abbott Labs Pakistan.pdf,profit_and_loss,unknown,Sales - net,revenue,84.0,"75,397,732","68,177,197"
Abbott Labs Pakistan.pdf,profit_and_loss,unknown,Cost of sales,cost_of_sales,100.0,"(48,945,569)","(48,439,489)"
Abbott Labs Pakistan.pdf,profit_and_loss,unknown,Gross profit,gross_profit,100.0,"26,452,163","19,737,708"
Abbott Labs Pakistan.pdf,profit_and_loss,unknown,Selling and distribution expenses,distribution_costs,100.0,"(11,085,579)","(9,302,303)"
Abbott Labs Pakistan.pdf,profit_and_loss,unknown,Administrative expenses,administrative_expenses,100.0,"(1,363,604)","(1,169,133)"
Abbott Labs Pakistan.pdf,profit_and_loss,unknown,Other income,other_income,100.0,"1,159,880","723,242"
Abbott Labs Pakistan.pdf,profit_and_loss,unknown,Finance costs,finance_cost,100.0,"(75,659)","(23,614)"
Abbott Labs Pakistan.pdf,profit_and_loss,unknown,Profit before income tax,profit_before_tax,100.0,"13,499,557","9,021,989"
Abbott Labs Pakistan.pdf,profit_and_loss,unknown,Income tax,taxes_paid,92.0,"(5,533,057)","(3,787,756)"
Abbott Labs Pakistan.pdf,profit_and_loss,unknown,Profit for the year,profit_for_the_year,100.0,"7,966,500","5,234,233"
Abbott Labs Pakistan.pdf,profit_and_loss,unknown,Earnings per share - basic and diluted,eps,85.7,81.37,53.46
Attock Cement.pdf,balance_sheet,unknown,Fixed assets,total_non_current_assets,100.0,"37,340,023","37,405,300"
Attock Cement.pdf,balance_sheet,unknown,Long - term investment,long_term_investment,92.1,"86,942","70,574"
Attock Cement.pdf,balance_sheet,unknown,Long - term loans and advances,loans_and_advances,90.0,"57,123","52,576"
Attock Cement.pdf,balance_sheet,unknown,Long - term deposits,long_term_deposits_asset,91.2,"99,940","99,940"
Attock Cement.pdf,balance_sheet,unknown,Employee benefit prepayments,prepayments,82.6,-,"181,311"
Attock Cement.pdf,balance_sheet,unknown,Inventories,inventories,100.0,"7,652,895","6,552,573"
Attock Cement.pdf,balance_sheet,unknown,Trade receivables - considered good,trade_receivables,86.2,"812,385","1,665,507"
Attock Cement.pdf,balance_sheet,unknown,Loans and advances,loans_and_advances,100.0,"131,502","95,834"
Attock Cement.pdf,balance_sheet,unknown,Short - term deposits and prepayments,advances_deposits_prepayments,80.1,"548,854","247,787"
Attock Cement.pdf,balance_sheet,unknown,Other receivables,other_receivables,100.0,"169,103","139,231"
Attock Cement.pdf,balance_sheet,unknown,Tax refunds due from Government - Sales tax,tax_refund_due_from_government,93.5,"234,802","495,161"
Attock Cement.pdf,balance_sheet,unknown,Cash and bank balances,cash_and_bank,100.0,"1,388,582","954,821"
Attock Cement.pdf,balance_sheet,unknown,Total assets,total_assets,100.0,"50,421,714","53,174,029"
Attock Cement.pdf,balance_sheet,unknown,Share capital,share_capital,100.0,"1,374,270","1,374,270"
Attock Cement.pdf,balance_sheet,unknown,Unappropriated profit,unappropriated_profit,100.0,"21,126,609","20,142,373"
Attock Cement.pdf,balance_sheet,unknown,Long - term loans,long_term_loans,89.5,"4,806,612","5,761,696"
Attock Cement.pdf,balance_sheet,unknown,Deferred income - Government grant,deferred_government_grant,95.0,"601,282","836,250"
Attock Cement.pdf,balance_sheet,unknown,Lease liabilities,lease_liabilities,100.0,827,"9,671"
Attock Cement.pdf,balance_sheet,unknown,Deferred tax liabilities,deferred_tax_liabilities,100.0,"5,130,434","4,784,919"
Attock Cement.pdf,balance_sheet,unknown,Employee benefit obligations,employee_benefits,100.0,"159,966","48,271"
Attock Cement.pdf,balance_sheet,unknown,Trade and other payables,trade_payables,100.0,"8,062,195","10,318,398"
Attock Cement.pdf,balance_sheet,unknown,Unclaimed dividend,unclaimed_dividend,100.0,"12,387","12,001"
Attock Cement.pdf,balance_sheet,unknown,Accrued mark-up,accrued_markup,100.0,"178,568","312,921"
Attock Cement.pdf,balance_sheet,unknown,Short - term borrowings,short_term_borrowings,92.5,"8,946,111","9,549,626"
Attock Cement.pdf,balance_sheet,unknown,Current portion of lease liabilities,lease_liabilities,85.7,"22,453","23,633"
Attock Cement.pdf,balance_sheet,unknown,Total liabilities,total_liabilities,100.0,"27,920,835","31,657,386"
Attock Cement.pdf,balance_sheet,unknown,Total equity and liabilities,total_equity_and_liabilities,100.0,"50,421,714","53,174,029"
Attock Cement.pdf,cash_flow,unknown,Cash generated from operations,cash_generated_from_operations,100.0,"2,422,831","40,086"
Attock Cement.pdf,cash_flow,unknown,Finance cost paid - conventional,finance_cost_paid,87.8,"(2,029,483)","(1,121,110)"
Attock Cement.pdf,cash_flow,unknown,Finance cost paid - islamic,finance_cost_paid,90.9,"(121,986)","(81,745)"
Attock Cement.pdf,cash_flow,unknown,Income tax and levies - net,taxes_paid,94.6,"(596,355)","(587,427)"
Attock Cement.pdf,cash_flow,unknown,(Increase) / decrease in long - term loans and advances,loans_and_advances,79.7,"(4,547)",
Attock Cement.pdf,cash_flow,unknown,Employee benefit obligations paid,employee_benefits,96.7,"(64,553)","(112,319)"
Attock Cement.pdf,cash_flow,unknown,Net cash used in operating activities,net_cash_from_operations,100.0,"(394,093)","(1,862,083)"
Attock Cement.pdf,cash_flow,unknown,Fixed capital expenditure incurred,capital_expenditure,96.1,"(1,286,761)","(3,722,423)"
Attock Cement.pdf,cash_flow,unknown,Proceeds received against divestment of associate,divestment_proceeds,100.0,"3,260,430",-
Attock Cement.pdf,cash_flow,unknown,Proceeds from disposal of operating assets,proceeds_disposal_fixed_assets,92.7,"30,265","32,566"
Attock Cement.pdf,cash_flow,unknown,Purchase of mutual fund units,mutual_fund_purchase,100.0,"(1,350,000)",-
Attock Cement.pdf,cash_flow,unknown,Proceeds from sale of mutual fund units,mutual_fund_proceeds,100.0,"1,365,191","1,831,150"
Attock Cement.pdf,cash_flow,unknown,Encashment / (placement) in Term Deposits,term_deposit_movement,91.5,"212,945","(212,945)"
Attock Cement.pdf,cash_flow,unknown,Purchase of Pakistan Investment Bond,investment_bond_purchase,100.0,"(29,906,451)",-
Attock Cement.pdf,cash_flow,unknown,Proceeds from sale of Pakistan Investment Bond,investment_bond_proceeds,100.0,"30,854,334",-
Attock Cement.pdf,cash_flow,unknown,Mark-up received,interest_income_received,100.0,"85,137","90,390"
Attock Cement.pdf,cash_flow,unknown,Net cash generated from / (used in) investing activities,cash_from_investing,81.7,"3,265,090","(1,981,262)"
Attock Cement.pdf,cash_flow,unknown,Dividend paid,dividend_paid,100.0,"(549,322)","(1,167,403)"
Attock Cement.pdf,cash_flow,unknown,Repayment of long - term loan,repayment_long_term_financing,85.9,"(1,081,295)","(1,256,211)"
Attock Cement.pdf,cash_flow,unknown,Export refinance loan obtained,export_refinance_obtained,100.0,"10,994,000","5,875,000"
Attock Cement.pdf,cash_flow,unknown,Export refinance loan repaid,export_refinance_repaid,100.0,"(8,527,200)","(5,247,800)"
Attock Cement.pdf,cash_flow,unknown,Lease rentals paid,lease_liabilities,100.0,"(27,904)","(22,070)"
Attock Cement.pdf,cash_flow,unknown,Net cash generated from / (used in) financing activities,cash_from_financing,81.7,"808,279","(1,818,484)"
Attock Cement.pdf,cash_flow,unknown,Net increase / (decrease) in cash and cash equivalents,net_change_in_cash,93.7,"3,679,276","(5,661,829)"
Attock Cement.pdf,cash_flow,unknown,Cash and cash equivalents at beginning of the year,cash_at_beginning,100.0,"(5,071,255)","590,574"
Attock Cement.pdf,cash_flow,unknown,Cash and cash equivalents at end of the year,cash_and_equivalents_at_end,100.0,"(1,391,979)","(5,071,255)"
Attock Cement.pdf,profit_and_loss,unknown,Revenue from contracts with customers,revenue,100.0,"33,309,080","28,536,528"
Attock Cement.pdf,profit_and_loss,unknown,Cost of sales,cost_of_sales,100.0,"(25,336,268)","(23,242,515)"
Attock Cement.pdf,profit_and_loss,unknown,Gross profit,gross_profit,100.0,"7,972,812","5,294,013"
Attock Cement.pdf,profit_and_loss,unknown,Distribution costs,distribution_costs,100.0,"(3,563,371)","(2,590,203)"
Attock Cement.pdf,profit_and_loss,unknown,Administrative expenses,administrative_expenses,100.0,"(988,317)","(791,467)"
Attock Cement.pdf,profit_and_loss,unknown,Other expenses,other_expenses,100.0,"(180,835)","(87,234)"
Attock Cement.pdf,profit_and_loss,unknown,Other income,other_income,100.0,"1,433,449","158,911"
Attock Cement.pdf,profit_and_loss,unknown,Profit from operations,profit_from_operations,100.0,"4,673,738","1,984,020"
Attock Cement.pdf,profit_and_loss,unknown,Gain on disposal of subsidiary,gain_disposal_subsidiary,100.0,-,"4,289,650"
Attock Cement.pdf,profit_and_loss,unknown,Gain on disposal of associate,gain_disposal_subsidiary,83.7,"4,320",-
Attock Cement.pdf,profit_and_loss,unknown,Finance cost,finance_cost,100.0,"(1,837,678)","(339,878)"
Attock Cement.pdf,profit_and_loss,unknown,Profit before income tax and levies,profit_before_tax,91.7,"2,856,748","5,947,018"
Attock Cement.pdf,profit_and_loss,unknown,Levies,levies,100.0,-,"(115,856)"
Attock Cement.pdf,profit_and_loss,unknown,Profit before income tax,profit_before_tax,100.0,"2,856,748","5,831,162"
Attock Cement.pdf,profit_and_loss,unknown,Income tax expense,income_tax_expense,100.0,"(1,125,657)","(2,264,640)"
Attock Cement.pdf,profit_and_loss,unknown,Profit for the year,profit_for_the_year,100.0,"1,731,091","3,566,522"
Attock Cement.pdf,profit_and_loss,unknown,Total comprehensive income for the year,total_comprehensive_income,92.0,"1,533,944","3,716,258"
Attock Cement.pdf,profit_and_loss,unknown,Basic and diluted earnings per share,diluted_eps,93.5,12.60,25.95
Engro Annual 2025.pdf,balance_sheet,consolidated,"Property, plant and equipment",property_plant_equipment,97.2,"92,391,260","83,137,431"
Engro Annual 2025.pdf,balance_sheet,consolidated,Intangible assets,intangible_assets,100.0,"4,779,969","5,007,551"
Engro Annual 2025.pdf,balance_sheet,consolidated,Long-term investments,long_term_investment,95.2,"4,348,915","4,268,249"
Engro Annual 2025.pdf,balance_sheet,consolidated,Deferred taxation,deferred_tax_assets,100.0,"1,534,786",-
Engro Annual 2025.pdf,balance_sheet,consolidated,"Long-term loans, advances and deposits",long_term_advances_deposits,95.2,"26,738","197,921"
Engro Annual 2025.pdf,balance_sheet,consolidated,"Stores, spares and loose tools",stores_spares_loose_tools,97.3,"9,151,070","8,239,527"
Engro Annual 2025.pdf,balance_sheet,consolidated,Stock-in-trade,inventories,85.7,"25,691,512","26,729,059"
Engro Annual 2025.pdf,balance_sheet,consolidated,Trade debts,trade_receivables,100.0,"16,845,896","8,253,231"
Engro Annual 2025.pdf,balance_sheet,consolidated,Other receivables,other_receivables,100.0,"7,834,671","11,995,667"
Engro Annual 2025.pdf,balance_sheet,consolidated,"Loans, advances, deposits and prepayments",advances_deposits_prepayments,96.3,"3,669,419","4,594,998"
Engro Annual 2025.pdf,balance_sheet,consolidated,Taxation - net,tax_refund_receivable,100.0,"8,689,083","9,907,395"
Engro Annual 2025.pdf,balance_sheet,consolidated,Short-term investments,short_term_investments,95.5,"16,012,850","3,690,852"
Engro Annual 2025.pdf,balance_sheet,consolidated,Cash and bank balances,cash_and_bank,100.0,"8,042,747","4,308,149"
Engro Annual 2025.pdf,balance_sheet,consolidated,TOTAL ASSETS,total_assets,100.0,"199,166,075","170,602,110"
Engro Annual 2025.pdf,balance_sheet,consolidated,Share capital,share_capital,100.0,"13,352,993","13,352,993"
Engro Annual 2025.pdf,balance_sheet,consolidated,Unappropriated profit,unappropriated_profit,100.0,"28,047,546","30,790,190"
Engro Annual 2025.pdf,balance_sheet,consolidated,TOTAL EQUITY,total_equity,100.0,"44,747,238","47,458,544"
Engro Annual 2025.pdf,balance_sheet,consolidated,Borrowings,long_term_borrowings,100.0,"29,445,959","18,701,703"
Engro Annual 2025.pdf,balance_sheet,consolidated,Government grant,deferred_government_grant,91.2,"342,634","514,355"
Engro Annual 2025.pdf,balance_sheet,consolidated,Deferred taxation,deferred_tax_liabilities,100.0,-,"672,844"
Engro Annual 2025.pdf,balance_sheet,consolidated,Deferred liabilities,deferred_tax_liabilities,84.4,"34,464","247,520"
Engro Annual 2025.pdf,balance_sheet,consolidated,Trade and other payables,trade_payables,100.0,"65,699,202","66,606,267"
Engro Annual 2025.pdf,balance_sheet,consolidated,Accrued interest / mark-up,accrued_markup,90.1,"1,434,310","1,209,388"
Engro Annual 2025.pdf,balance_sheet,consolidated,borrowings,long_term_borrowings,100.0,"14,461,586","2,834,018"
Engro Annual 2025.pdf,balance_sheet,consolidated,government grant,deferred_government_grant,91.2,"171,721","202,737"
Engro Annual 2025.pdf,balance_sheet,consolidated,deferred liabilities,deferred_tax_liabilities,84.4,"102,437","62,546"
Engro Annual 2025.pdf,balance_sheet,consolidated,Short-term borrowings,short_term_borrowings,95.2,"23,022,723","12,451,850"
Engro Annual 2025.pdf,balance_sheet,consolidated,Unclaimed dividend,unclaimed_dividend,100.0,"145,770","82,307"
Engro Annual 2025.pdf,balance_sheet,consolidated,TOTAL LIABILITIES,total_liabilities,100.0,"154,418,837","123,143,566"
Engro Annual 2025.pdf,balance_sheet,consolidated,TOTAL EQUITY AND LIABILITIES,total_equity_and_liabilities,100.0,"199,166,075","170,602,110"
Engro Annual 2025.pdf,cash_flow,consolidated,Profit for the year,profit_for_the_year,100.0,-,-
Engro Annual 2025.pdf,cash_flow,consolidated,Profit for the year,profit_for_the_year,100.0,-,-
Engro Annual 2025.pdf,cash_flow,consolidated,Cash generated from operations,cash_generated_from_operations,100.0,"45,722,182","31,581,760"
Engro Annual 2025.pdf,cash_flow,consolidated,Taxes paid,taxes_paid,100.0,"(18,412,358)","(37,529,156)"
Engro Annual 2025.pdf,cash_flow,consolidated,"Long-term loans, advances and deposits",long_term_advances_deposits,95.2,"171,183","11,885"
Engro Annual 2025.pdf,cash_flow,consolidated,Net cash generated from / (utlilised in) operating activities,net_cash_from_operations,78.1,"27,862,002","(3,946,960)"
Engro Annual 2025.pdf,cash_flow,consolidated,"Purchases of property, plant and equipment and intangibles",property_plant_equipment,83.9,"(14,444,067)","(9,227,357)"
Engro Annual 2025.pdf,cash_flow,consolidated,Proceeds from disposal of operating assets,proceeds_disposal_fixed_assets,92.7,"1,658,539","1,581,789"
Engro Annual 2025.pdf,cash_flow,consolidated,Net cash (utilised in) / generated from investing activities,cash_from_investing,88.1,"(25,188,192)","9,410,293"
Engro Annual 2025.pdf,cash_flow,consolidated,Proceeds from long-term borrowings,long_term_borrowings,85.1,"24,000,000","18,000,000"
Engro Annual 2025.pdf,cash_flow,consolidated,Proceeds from short-term borrowings,short_term_borrowings,85.7,"20,500,000","4,500,000"
Engro Annual 2025.pdf,cash_flow,consolidated,Repayment of short-term borrowings,short_term_borrowings,86.2,"(5,000,000)",-
Engro Annual 2025.pdf,cash_flow,consolidated,Repayments of long-term borrowings,repayment_long_term_financing,80.8,"(1,830,913)","(2,686,717)"
Engro Annual 2025.pdf,cash_flow,consolidated,Finance cost paid,finance_cost_paid,100.0,"(6,371,947)","(3,018,963)"
Engro Annual 2025.pdf,cash_flow,consolidated,Dividends paid,dividend_paid,93.9,"(25,307,225)","(28,674,928)"
Engro Annual 2025.pdf,cash_flow,consolidated,Net cash generated from / (utilised in) financing activities,cash_from_financing,79.0,"5,989,915","(11,880,608)"
Engro Annual 2025.pdf,cash_flow,consolidated,Net increase / (decrease) in cash and cash equivalents,net_change_in_cash,93.7,"8,663,725","(6,417,275)"
Engro Annual 2025.pdf,cash_flow,consolidated,Cash and cash equivalents at beginning of the year,cash_at_beginning,100.0,"(2,443,701)","3,973,574"
Engro Annual 2025.pdf,cash_flow,consolidated,Cash and cash equivalents at end of the year,cash_and_equivalents_at_end,100.0,"6,220,024","(2,443,701)"
Engro Annual 2025.pdf,profit_and_loss,consolidated,Net sales,revenue,100.0,"237,130,786","256,675,163"
Engro Annual 2025.pdf,profit_and_loss,consolidated,Cost of sales,cost_of_sales,100.0,"(164,577,790)","(184,751,315)"
Engro Annual 2025.pdf,profit_and_loss,consolidated,Gross profit,gross_profit,100.0,"72,552,996","71,923,848"
Engro Annual 2025.pdf,profit_and_loss,consolidated,Selling and distribution expenses,distribution_costs,100.0,"(20,213,109)","(17,960,843)"
Engro Annual 2025.pdf,profit_and_loss,consolidated,Administrative expenses,administrative_expenses,100.0,"(4,723,142)","(4,293,398)"
Engro Annual 2025.pdf,profit_and_loss,consolidated,Other income,other_income,100.0,"2,550,195","2,925,210"
Engro Annual 2025.pdf,profit_and_loss,consolidated,Other operating expenses,other_operating_expenses,100.0,"(4,589,867)","(4,513,406)"
Engro Annual 2025.pdf,profit_and_loss,consolidated,Finance cost,finance_cost,100.0,"(6,170,739)","(4,128,579)"
Engro Annual 2025.pdf,profit_and_loss,consolidated,Profit before taxation,profit_before_tax,100.0,"40,031,049","45,155,920"
Engro Annual 2025.pdf,profit_and_loss,consolidated,Taxation,income_tax_expense,100.0,"(17,403,005)","(16,895,682)"
Engro Annual 2025.pdf,profit_and_loss,consolidated,Profit for the year,profit_for_the_year,100.0,"22,628,044","28,260,238"
Engro Annual 2025.pdf,profit_and_loss,consolidated,Earnings per share - basic and diluted,eps,85.7,16.95,21.16
Engro Annual 2025.pdf,profit_and_loss,consolidated,Profit for the year,profit_for_the_year,100.0,"22,628,044","28,260,238"
Engro Annual 2025.pdf,profit_and_loss,consolidated,benefits obligations,employee_benefits,90.1,"51,373","7,356"
Engro Annual 2025.pdf,profit_and_loss,consolidated,post employment benefits obligations,employee_benefits,85.2,"(20,035)","(2,869)"
Engro Annual 2025.pdf,profit_and_loss,consolidated,Total comprehensive income for the year,total_comprehensive_income,92.0,"22,659,382","28,264,725"
Fauji Fertilizers.pdf,balance_sheet,consolidated,Share capital,share_capital,100.0,"14,231,086","14,231,086"
Fauji Fertilizers.pdf,balance_sheet,consolidated,Capital reserves,reserves,100.0,"44,630,739","41,335,049"
Fauji Fertilizers.pdf,balance_sheet,consolidated,General reserves,reserves,86.7,"8,802,360","8,802,360"
Fauji Fertilizers.pdf,balance_sheet,consolidated,Unappropriated profit,unappropriated_profit,100.0,"184,276,548","172,169,158"
Fauji Fertilizers.pdf,balance_sheet,consolidated,Non–controlling interest,non_controlling_interest,100.0,"4,937,686","3,922,535"
Fauji Fertilizers.pdf,balance_sheet,consolidated,Long term borrowings – secured,long_term_borrowings,92.0,"50,817,992","32,491,030"
Fauji Fertilizers.pdf,balance_sheet,consolidated,Lease liabilities,lease_liabilities,100.0,"396,531","290,770"
Fauji Fertilizers.pdf,balance_sheet,consolidated,Deferred government grant,deferred_government_grant,100.0,"48,222","73,400"
Fauji Fertilizers.pdf,balance_sheet,consolidated,Deferred taxation,deferred_tax_liabilities,100.0,"35,930,184","30,721,809"
Fauji Fertilizers.pdf,balance_sheet,consolidated,Current portion of long term borrowings – secured,current_maturity_long_term_debt,83.6,"11,636,683","7,417,960"
Fauji Fertilizers.pdf,balance_sheet,consolidated,Current portion of lease liabilities,lease_liabilities,85.7,"105,626","60,377"
Fauji Fertilizers.pdf,balance_sheet,consolidated,Current portion of deferred government grant,deferred_government_grant,89.0,"25,058","30,810"
Fauji Fertilizers.pdf,balance_sheet,consolidated,Trade and other payables,trade_payables,100.0,"206,886,556","196,832,347"
Fauji Fertilizers.pdf,balance_sheet,consolidated,Short term borrowings – secured,short_term_borrowings,92.3,"22,009,674","38,340,517"
Fauji Fertilizers.pdf,balance_sheet,consolidated,Unclaimed dividend,unclaimed_dividend,100.0,"851,778","663,851"
Fauji Fertilizers.pdf,balance_sheet,consolidated,Provision for taxation,provision_for_taxation,100.0,"15,398,817","17,930,211"
Fauji Fertilizers.pdf,balance_sheet,consolidated,TOTAL LIABILITIES,total_liabilities,100.0,"348,493,210","328,792,821"
Fauji Fertilizers.pdf,balance_sheet,consolidated,TOTAL EQUITY AND LIABILITIES,total_equity_and_liabilities,100.0,"613,298,162","573,683,408"
Fauji Fertilizers.pdf,balance_sheet,consolidated,"Property, plant and equipment",property_plant_equipment,97.2,"132,494,031","116,419,750"
Fauji Fertilizers.pdf,balance_sheet,consolidated,Intangible assets,intangible_assets,100.0,"2,037,672","1,990,233"
Fauji Fertilizers.pdf,balance_sheet,consolidated,Long term investments,long_term_investment,100.0,"146,225,194","124,629,228"
Fauji Fertilizers.pdf,balance_sheet,consolidated,Long term loans and advances – secured,loans_and_advances,85.7,"4,529,993","1,785,266"
Fauji Fertilizers.pdf,balance_sheet,consolidated,Long term deposits and prepayments,long_term_deposits_asset,87.7,"146,962","135,045"
Fauji Fertilizers.pdf,balance_sheet,consolidated,"Stores, spares and loose tools",stores_spares_loose_tools,97.3,"18,100,523","16,187,525"
Fauji Fertilizers.pdf,balance_sheet,consolidated,Stock in trade,inventories,100.0,"45,350,440","29,698,865"
Fauji Fertilizers.pdf,balance_sheet,consolidated,Trade debts,trade_receivables,100.0,"33,901,558","15,315,117"
Fauji Fertilizers.pdf,balance_sheet,consolidated,Loans and advances – secured,loans_and_advances,91.3,"7,554,482","6,715,734"
Fauji Fertilizers.pdf,balance_sheet,consolidated,Deposits and prepayments,advances_deposits_prepayments,93.1,"1,515,730","1,398,914"
Fauji Fertilizers.pdf,balance_sheet,consolidated,Other receivables,other_receivables,100.0,"8,442,339","21,016,416"
Fauji Fertilizers.pdf,balance_sheet,consolidated,Short term investments,short_term_investments,100.0,"199,033,962","222,415,276"
Fauji Fertilizers.pdf,balance_sheet,consolidated,Cash and bank balances,cash_and_bank,100.0,"13,965,276","15,976,039"
Fauji Fertilizers.pdf,balance_sheet,consolidated,TOTAL ASSETS,total_assets,100.0,"613,298,162","573,683,408"
Fauji Fertilizers.pdf,cash_flow,consolidated,Cash generated from operations,cash_generated_from_operations,100.0,"111,479,414","183,664,281"
Fauji Fertilizers.pdf,cash_flow,consolidated,Finance cost paid,finance_cost_paid,100.0,"(7,027,990)","(8,766,265)"
Fauji Fertilizers.pdf,cash_flow,consolidated,Income tax paid,taxes_paid,100.0,"(50,782,957)","(44,865,859)"
Fauji Fertilizers.pdf,cash_flow,consolidated,Levies paid,taxes_paid,87.5,"(117,623)","(1,599,437)"
Fauji Fertilizers.pdf,cash_flow,consolidated,Net cash generated from operating activities,net_cash_from_operations,100.0,"53,550,844","128,432,720"
Fauji Fertilizers.pdf,cash_flow,consolidated,Fixed capital expenditure,capital_expenditure,100.0,"(26,076,843)","(13,759,186)"
Fauji Fertilizers.pdf,cash_flow,consolidated,"Proceeds from disposal of property, plant and equipment",proceeds_disposal_fixed_assets,88.5,"176,641","112,695"
Fauji Fertilizers.pdf,cash_flow,consolidated,Proceeds from disposal of investment property –,investment_bond_proceeds,83.3,,"855,958"
Fauji Fertilizers.pdf,cash_flow,consolidated,Interest and profit received,interest_income_received,87.9,"2,337,449","3,400,965"
Fauji Fertilizers.pdf,cash_flow,consolidated,Dividend received,dividend_income,100.0,"13,369,449","3,249,627"
Fauji Fertilizers.pdf,cash_flow,consolidated,Net cash (used in) investing activities,cash_from_investing,95.7,"(13,192,148)","(14,986,188)"
Fauji Fertilizers.pdf,cash_flow,consolidated,Repayments,prepayments,98.1,"(7,457,479)","(30,099,850)"
Fauji Fertilizers.pdf,cash_flow,consolidated,Repayment of lease liabilities,lease_liabilities,88.9,"(172,815)","(85,614)"
Fauji Fertilizers.pdf,cash_flow,consolidated,Dividend paid,dividend_paid,100.0,"(71,010,880)","(25,739,051)"
Fauji Fertilizers.pdf,cash_flow,consolidated,Net cash (used in) financing activities,cash_from_financing,95.7,"(48,638,010)","(35,612,648)"
Fauji Fertilizers.pdf,cash_flow,consolidated,Net (decrease) / increase in cash and cash equivalents,net_change_in_cash,92.2,"(8,279,314)","77,833,884"
Fauji Fertilizers.pdf,cash_flow,consolidated,Cash and cash equivalents at beginning of the year,cash_at_beginning,100.0,"191,619,934","86,315,120"
Fauji Fertilizers.pdf,cash_flow,consolidated,Effect of exchange rate changes,foreign_exchange_difference,100.0,"(854,486)","(263,891)"
Fauji Fertilizers.pdf,cash_flow,consolidated,Acquisition of cash and cash equivalents pursuant to merger,cash_and_bank,83.8,-,"27,734,821"
Fauji Fertilizers.pdf,cash_flow,consolidated,Cash and cash equivalents at end of the year,cash_and_equivalents_at_end,100.0,"182,486,134","191,619,934"
Fauji Fertilizers.pdf,profit_and_loss,consolidated,Turnover – net,revenue,88.4,"483,807,560","411,254,410"
Fauji Fertilizers.pdf,profit_and_loss,consolidated,Cost of sales,cost_of_sales,100.0,"(334,927,990)","(267,509,156)"
Fauji Fertilizers.pdf,profit_and_loss,consolidated,GROSS PROFIT,gross_profit,100.0,"148,879,570","143,745,254"
Fauji Fertilizers.pdf,profit_and_loss,consolidated,Administrative and distribution expenses,distribution_costs,84.7,"(38,085,058)","(31,986,143)"
Fauji Fertilizers.pdf,profit_and_loss,consolidated,Finance costs,finance_cost,100.0,"(7,115,236)","(7,852,760)"
Fauji Fertilizers.pdf,profit_and_loss,consolidated,Other expenses,other_expenses,100.0,"(11,241,113)","(10,305,414)"
Fauji Fertilizers.pdf,profit_and_loss,consolidated,Other income,other_income,100.0,"18,675,087","27,030,585"
Fauji Fertilizers.pdf,profit_and_loss,consolidated,Share of profit of associates and joint venture,share_of_profit_of_associates,90.5,"25,188,663","23,723,249"
Fauji Fertilizers.pdf,profit_and_loss,consolidated,PROFIT BEFORE INCOME TAX AND LEVIES,profit_before_tax,91.7,"136,301,913","142,939,365"
Fauji Fertilizers.pdf,profit_and_loss,consolidated,PROFIT BEFORE INCOME TAX,profit_before_tax,100.0,"136,181,769","140,589,545"
Fauji Fertilizers.pdf,profit_and_loss,consolidated,Provision for taxation,provision_for_taxation,100.0,"(51,235,462)","(55,064,201)"
Fauji Fertilizers.pdf,profit_and_loss,consolidated,PROFIT FOR THE YEAR,profit_for_the_year,100.0,"84,946,307","85,525,344"
Fauji Fertilizers.pdf,profit_and_loss,consolidated,Non – controlling interest,non_controlling_interest,93.4,"1,775,488","1,145,851"
Fauji Fertilizers.pdf,profit_and_loss,consolidated,Earnings per share – basic and diluted (Rupees),eps,82.2,58.44,59.29
Gul Ahmed Annual 2025.pdf,balance_sheet,consolidated,"Property, plant and equipment",property_plant_equipment,97.2,"55,384,267","54,341,947"
Gul Ahmed Annual 2025.pdf,balance_sheet,consolidated,Right of use assets,right_of_use_assets,100.0,"4,247,834","2,818,151"
Gul Ahmed Annual 2025.pdf,balance_sheet,consolidated,Intangible assets,intangible_assets,100.0,"181,206","182,858"
Gul Ahmed Annual 2025.pdf,balance_sheet,consolidated,Long term investment,long_term_investment,100.0,"70,000","70,000"
Gul Ahmed Annual 2025.pdf,balance_sheet,consolidated,Long term loans,long_term_loans,100.0,"21,487","17,939"
Gul Ahmed Annual 2025.pdf,balance_sheet,consolidated,Long term deposits,long_term_deposits_asset,100.0,"512,483","518,467"
Gul Ahmed Annual 2025.pdf,balance_sheet,consolidated,Deferred taxation - net,deferred_tax_assets,94.0,"1,004,141","1,115,326"
Gul Ahmed Annual 2025.pdf,balance_sheet,consolidated,Total non-current assets,total_non_current_assets,100.0,"61,421,418","59,064,688"
Gul Ahmed Annual 2025.pdf,balance_sheet,consolidated,"Store, spares and loose tools",stores_spares_loose_tools,96.6,"2,856,321","2,727,361"
Gul Ahmed Annual 2025.pdf,balance_sheet,consolidated,Stock-in-trade,inventories,85.7,"72,901,493","57,358,906"
Gul Ahmed Annual 2025.pdf,balance_sheet,consolidated,Trade debts,trade_receivables,100.0,"21,520,605","20,719,045"
Gul Ahmed Annual 2025.pdf,balance_sheet,consolidated,"Loans, advances and other receivables",other_receivables,85.2,"5,664,884","4,347,029"
Gul Ahmed Annual 2025.pdf,balance_sheet,consolidated,Short term prepayments,prepayments,100.0,"184,658","145,872"
Gul Ahmed Annual 2025.pdf,balance_sheet,consolidated,Receivables from government,receivables_from_government,100.0,"5,729,576","3,493,969"
Gul Ahmed Annual 2025.pdf,balance_sheet,consolidated,Short term investment,short_term_investments,99.1,-,"1,243"
Gul Ahmed Annual 2025.pdf,balance_sheet,consolidated,Cash and bank balances,cash_and_bank,100.0,"559,457","1,081,768"
Gul Ahmed Annual 2025.pdf,balance_sheet,consolidated,Total current assets,total_current_assets,100.0,"109,416,994","89,875,193"
Gul Ahmed Annual 2025.pdf,balance_sheet,consolidated,Total Assets,total_assets,100.0,"170,838,412","148,939,881"
Gul Ahmed Annual 2025.pdf,balance_sheet,consolidated,Share capital,share_capital,100.0,"7,400,594","7,400,594"
Gul Ahmed Annual 2025.pdf,balance_sheet,consolidated,Reserves,reserves,100.0,"44,439,603","39,927,105"
Gul Ahmed Annual 2025.pdf,balance_sheet,consolidated,Total share capital and reserves,total_share_capital_and_reserves,100.0,"51,840,197","47,327,699"
Gul Ahmed Annual 2025.pdf,balance_sheet,consolidated,Long term financing,long_term_borrowings,91.1,"18,392,475","14,591,587"
Gul Ahmed Annual 2025.pdf,balance_sheet,consolidated,Lease liability against right of use assets,lease_liabilities,100.0,"4,383,400","3,189,839"
Gul Ahmed Annual 2025.pdf,balance_sheet,consolidated,Deferred income - government grant,deferred_government_grant,95.0,"50,620","74,655"
Gul Ahmed Annual 2025.pdf,balance_sheet,consolidated,Defined benefit plan - staff gratuity,employee_benefits,88.1,"475,267","528,898"
Gul Ahmed Annual 2025.pdf,balance_sheet,consolidated,Long term deposits,long_term_deposits_liability,100.0,"22,269","19,769"
Gul Ahmed Annual 2025.pdf,balance_sheet,consolidated,Total non-current liabilities,total_non_current_liabilities,100.0,"23,324,031","18,404,748"
Gul Ahmed Annual 2025.pdf,balance_sheet,consolidated,Trade and other payables,trade_payables,100.0,"31,843,262","34,321,875"
Gul Ahmed Annual 2025.pdf,balance_sheet,consolidated,Accrued mark-up / profit,accrued_markup,90.8,"886,790","1,403,751"
Gul Ahmed Annual 2025.pdf,balance_sheet,consolidated,Short term borrowings,short_term_borrowings,100.0,"56,082,057","42,494,328"
Gul Ahmed Annual 2025.pdf,balance_sheet,consolidated,Current portion of non-current liabilities,current_portion_non_current_liabilities,100.0,"4,996,906","3,810,360"
Gul Ahmed Annual 2025.pdf,balance_sheet,consolidated,Unclaimed dividend,unclaimed_dividend,100.0,"9,365","9,840"
Gul Ahmed Annual 2025.pdf,balance_sheet,consolidated,Unpaid dividend,unpaid_dividend,100.0,"23,505","23,505"
Gul Ahmed Annual 2025.pdf,balance_sheet,consolidated,Taxation-net,taxation_net,91.7,"1,832,299","1,143,775"
Gul Ahmed Annual 2025.pdf,balance_sheet,consolidated,Total current liabilities,total_current_liabilities,100.0,"95,674,184","83,207,434"
Gul Ahmed Annual 2025.pdf,balance_sheet,consolidated,Total Equity and Liabilities,total_equity_and_liabilities,100.0,"170,838,412","148,939,881"
Gul Ahmed Annual 2025.pdf,balance_sheet,consolidated,Revenue from contracts with customers,revenue,100.0,"185,541,432","172,479,728"
Gul Ahmed Annual 2025.pdf,balance_sheet,consolidated,Cost of sales,cost_of_sales,100.0,"(153,463,906)","(143,735,509)"
Gul Ahmed Annual 2025.pdf,balance_sheet,consolidated,Gross profit,gross_profit,100.0,"32,077,526","28,744,219"
Gul Ahmed Annual 2025.pdf,balance_sheet,consolidated,Selling and distribution cost,distribution_costs,89.1,"(11,321,307)","(10,000,783)"
Gul Ahmed Annual 2025.pdf,balance_sheet,consolidated,Administrative cost,administrative_expenses,83.4,"(6,835,488)","(5,946,963)"
Gul Ahmed Annual 2025.pdf,balance_sheet,consolidated,Other expense,other_expenses,98.5,"(573,947)","(572,192)"
Gul Ahmed Annual 2025.pdf,balance_sheet,consolidated,Operating profit,profit_from_operations,100.0,"13,346,784","12,224,281"
Gul Ahmed Annual 2025.pdf,balance_sheet,consolidated,Other income,other_income,100.0,"1,170,239","2,155,433"
Gul Ahmed Annual 2025.pdf,balance_sheet,consolidated,Finance costs,finance_cost,100.0,"(7,960,656)","(7,664,182)"
Gul Ahmed Annual 2025.pdf,balance_sheet,consolidated,Profit before levies and taxation,profit_before_tax,78.7,"6,556,367","6,715,532"
Gul Ahmed Annual 2025.pdf,balance_sheet,consolidated,Levies,levies,100.0,"(1,692,863)","(2,235,322)"
Gul Ahmed Annual 2025.pdf,balance_sheet,consolidated,Profit before taxation,profit_before_tax,100.0,"4,863,504","4,480,210"
Gul Ahmed Annual 2025.pdf,balance_sheet,consolidated,Taxation,income_tax_expense,100.0,"(409,085)","371,753"
Gul Ahmed Annual 2025.pdf,balance_sheet,consolidated,Profit for the year,profit_for_the_year,100.0,"4,454,419","4,851,963"
Gul Ahmed Annual 2025.pdf,balance_sheet,consolidated,Earnings per share - basic and diluted,eps,85.7,6.02,6.56
Gul Ahmed Annual 2025.pdf,cash_flow,consolidated,Profit before taxation,profit_before_tax,100.0,"4,863,504","4,480,210"
Gul Ahmed Annual 2025.pdf,cash_flow,consolidated,Depreciation of operating fixed assets,depreciation_operating_fixed_assets,100.0,"5,114,568","4,967,334"
Gul Ahmed Annual 2025.pdf,cash_flow,consolidated,Depreciation of right of use assets,depreciation_rou_assets,100.0,"993,728","706,250"
Gul Ahmed Annual 2025.pdf,cash_flow,consolidated,Amortisation of intangible assets,amortisation_intangibles,100.0,"32,478","38,514"
Gul Ahmed Annual 2025.pdf,cash_flow,consolidated,Expense recognised for defined benefit plan,employee_benefits_expense,100.0,"268,770","236,932"
Gul Ahmed Annual 2025.pdf,cash_flow,consolidated,Finance costs,finance_cost,100.0,"7,960,656","7,664,182"
Gul Ahmed Annual 2025.pdf,cash_flow,consolidated,Reversal of provision for slow moving - stores and spares,reversal_provision_stores_spares,97.1,"(51,249)","(148,345)"
Gul Ahmed Annual 2025.pdf,cash_flow,consolidated,Reversal of provison for slow moving - stock-in-trade,reversal_provision_stock_in_trade,92.7,"(174,464)","(12,028)"
Gul Ahmed Annual 2025.pdf,cash_flow,consolidated,Levies,levies,100.0,"1,692,863","2,235,322"
Gul Ahmed Annual 2025.pdf,cash_flow,consolidated,Unclaimed liabilities written back,unclaimed_liabilities_written_back,100.0,"(13,794)","(3,910)"
Gul Ahmed Annual 2025.pdf,cash_flow,consolidated,Dividend income,dividend_income,100.0,-,"(1,462)"
Gul Ahmed Annual 2025.pdf,cash_flow,consolidated,Government grant recognised in income,government_grant_income,100.0,"(28,251)","(32,088)"
Gul Ahmed Annual 2025.pdf,cash_flow,consolidated,Loss on reassessment of right of use asset and corresponding lease liability,loss_reassessment_rou_lease,100.0,"46,930","9,902"
Gul Ahmed Annual 2025.pdf,cash_flow,consolidated,Loss on disposal of operating fixed assets,loss_disposal_fixed_assets,100.0,"52,272","57,358"
Gul Ahmed Annual 2025.pdf,cash_flow,consolidated,Expected credit loss on trade debts,credit_loss_trade_debts,100.0,"(58,900)","(226,929)"
Gul Ahmed Annual 2025.pdf,cash_flow,consolidated,"Store, spares and loose tools",stores_spares_loose_tools,96.6,"(77,711)","(665,956)"
Gul Ahmed Annual 2025.pdf,cash_flow,consolidated,Stock-in-trade,inventories,85.7,"(15,368,123)","(9,763,874)"
Gul Ahmed Annual 2025.pdf,cash_flow,consolidated,Trade debts,trade_receivables,100.0,"(742,660)","(3,870,569)"
Gul Ahmed Annual 2025.pdf,cash_flow,consolidated,"Loans, advances and other receivables",other_receivables,85.2,"(1,317,855)","(912,675)"
Gul Ahmed Annual 2025.pdf,cash_flow,consolidated,Short term prepayments,prepayments,100.0,"(38,786)","126,662"
Gul Ahmed Annual 2025.pdf,cash_flow,consolidated,Receivables from government,receivables_from_government,100.0,"(246,549)","187,888"
Gul Ahmed Annual 2025.pdf,cash_flow,consolidated,Trade and other payables,trade_payables,100.0,"(2,478,613)","4,339,813"
Gul Ahmed Annual 2025.pdf,cash_flow,consolidated,Net decrease in working capital,net_decrease_working_capital,100.0,"(20,270,297)","(10,558,711)"
Gul Ahmed Annual 2025.pdf,cash_flow,consolidated,Cash generated from operating activities,cash_generated_from_operations,100.0,"428,814","9,412,531"
Gul Ahmed Annual 2025.pdf,cash_flow,consolidated,Payment made to defined benefit plan,employee_benefits,88.6,"(245,621)","(83,420)"
Gul Ahmed Annual 2025.pdf,cash_flow,consolidated,Finance costs paid,finance_cost_paid,100.0,"(7,824,746)","(8,274,854)"
Gul Ahmed Annual 2025.pdf,cash_flow,consolidated,Levies and taxes paid,taxes_paid,85.8,"(3,292,766)","(1,812,551)"
Gul Ahmed Annual 2025.pdf,cash_flow,consolidated,Net cash used in operating activities,net_cash_from_operations,100.0,"(10,934,319)","(758,294)"
Gul Ahmed Annual 2025.pdf,cash_flow,consolidated,"Payments for acquisition of property, plant and equipment",capital_expenditure,98.6,"(6,118,696)","(4,175,596)"
Gul Ahmed Annual 2025.pdf,cash_flow,consolidated,Payments for acquisition of intangible assets,acquisition_intangible_assets,100.0,"(18,477)","(28,535)"
Gul Ahmed Annual 2025.pdf,cash_flow,consolidated,Proceeds from disposal of operating fixed assets,proceeds_disposal_fixed_assets,100.0,"35,463","37,515"
Gul Ahmed Annual 2025.pdf,cash_flow,consolidated,Short term investment made,short_term_investment_made,100.0,-,"(601,243)"
Gul Ahmed Annual 2025.pdf,cash_flow,consolidated,Short term investment redeemed,short_term_investment_redeemed,100.0,"1,243","600,000"
Gul Ahmed Annual 2025.pdf,cash_flow,consolidated,Dividend income received,dividend_income,90.8,-,"1,462"
Gul Ahmed Annual 2025.pdf,cash_flow,consolidated,Long term loans,long_term_loans,100.0,"(3,548)","49,962"
Gul Ahmed Annual 2025.pdf,cash_flow,consolidated,Long term deposits,long_term_deposits,100.0,"8,484","(38,684)"
Gul Ahmed Annual 2025.pdf,cash_flow,consolidated,Net cash used in investing activities,cash_from_investing,100.0,"(6,095,531)","(4,155,119)"
Gul Ahmed Annual 2025.pdf,cash_flow,consolidated,Proceeds from long term financing,long_term_borrowings,78.4,"7,700,000","358,000"
Gul Ahmed Annual 2025.pdf,cash_flow,consolidated,Repayment of long term financing,repayment_long_term_financing,100.0,"(3,283,119)","(5,777,758)"
Gul Ahmed Annual 2025.pdf,cash_flow,consolidated,Payments against lease liabilities,lease_liabilities,86.7,"(1,477,737)","(1,044,823)"
Gul Ahmed Annual 2025.pdf,cash_flow,consolidated,Increase in short term borrowings-net,short_term_borrowings,89.0,"12,893,950","8,499,688"
Gul Ahmed Annual 2025.pdf,cash_flow,consolidated,Dividend paid,dividend_paid,100.0,(475),(91)
Gul Ahmed Annual 2025.pdf,cash_flow,consolidated,Net cash generated from financing activities,cash_from_financing,100.0,"15,832,621","2,035,016"
Gul Ahmed Annual 2025.pdf,cash_flow,consolidated,Exchange loss on translation,foreign_exchange_difference,100.0,"(18,861)","(43,899)"
Gul Ahmed Annual 2025.pdf,cash_flow,consolidated,Net decrease in cash and cash equivalents,net_change_in_cash,100.0,"(1,216,090)","(2,922,296)"
Gul Ahmed Annual 2025.pdf,cash_flow,consolidated,Cash and cash equivalents at the beginning of the year,cash_at_beginning,100.0,"(4,453,603)","(1,531,307)"
Gul Ahmed Annual 2025.pdf,cash_flow,consolidated,Cash and cash equivalents at the end of the year,cash_and_equivalents_at_end,100.0,"(5,669,693)","(4,453,603)"
Gul Ahmed Annual 2025.pdf,profit_and_loss,consolidated,"Property, plant and equipment",property_plant_equipment,97.2,"55,384,267","54,341,947"
Gul Ahmed Annual 2025.pdf,profit_and_loss,consolidated,Right of use assets,right_of_use_assets,100.0,"4,247,834","2,818,151"
Gul Ahmed Annual 2025.pdf,profit_and_loss,consolidated,Intangible assets,intangible_assets,100.0,"181,206","182,858"
Gul Ahmed Annual 2025.pdf,profit_and_loss,consolidated,Long term investment,long_term_investment,100.0,"70,000","70,000"
Gul Ahmed Annual 2025.pdf,profit_and_loss,consolidated,Long term loans,long_term_loans,100.0,"21,487","17,939"
Gul Ahmed Annual 2025.pdf,profit_and_loss,consolidated,Long term deposits,long_term_deposits,100.0,"512,483","518,467"
Gul Ahmed Annual 2025.pdf,profit_and_loss,consolidated,Deferred taxation - net,deferred_tax_liabilities,94.0,"1,004,141","1,115,326"
Gul Ahmed Annual 2025.pdf,profit_and_loss,consolidated,Total non-current assets,total_non_current_assets,100.0,"61,421,418","59,064,688"
Gul Ahmed Annual 2025.pdf,profit_and_loss,consolidated,"Store, spares and loose tools",stores_spares_loose_tools,96.6,"2,856,321","2,727,361"
Gul Ahmed Annual 2025.pdf,profit_and_loss,consolidated,Stock-in-trade,inventories,85.7,"72,901,493","57,358,906"
Gul Ahmed Annual 2025.pdf,profit_and_loss,consolidated,Trade debts,trade_receivables,100.0,"21,520,605","20,719,045"
Gul Ahmed Annual 2025.pdf,profit_and_loss,consolidated,"Loans, advances and other receivables",other_receivables,85.2,"5,664,884","4,347,029"
Gul Ahmed Annual 2025.pdf,profit_and_loss,consolidated,Short term prepayments,prepayments,100.0,"184,658","145,872"
Gul Ahmed Annual 2025.pdf,profit_and_loss,consolidated,Receivables from government,receivables_from_government,100.0,"5,729,576","3,493,969"
Gul Ahmed Annual 2025.pdf,profit_and_loss,consolidated,Short term investment,short_term_investments,99.1,-,"1,243"
Gul Ahmed Annual 2025.pdf,profit_and_loss,consolidated,Cash and bank balances,cash_and_bank,100.0,"559,457","1,081,768"
Gul Ahmed Annual 2025.pdf,profit_and_loss,consolidated,Total current assets,total_current_assets,100.0,"109,416,994","89,875,193"
Gul Ahmed Annual 2025.pdf,profit_and_loss,consolidated,Total Assets,total_assets,100.0,"170,838,412","148,939,881"
Gul Ahmed Annual 2025.pdf,profit_and_loss,consolidated,Share capital,share_capital,100.0,"7,400,594","7,400,594"
Gul Ahmed Annual 2025.pdf,profit_and_loss,consolidated,Reserves,reserves,100.0,"44,439,603","39,927,105"
Gul Ahmed Annual 2025.pdf,profit_and_loss,consolidated,Total share capital and reserves,total_share_capital_and_reserves,100.0,"51,840,197","47,327,699"
Gul Ahmed Annual 2025.pdf,profit_and_loss,consolidated,Long term financing,long_term_borrowings,91.1,"18,392,475","14,591,587"
Gul Ahmed Annual 2025.pdf,profit_and_loss,consolidated,Lease liability against right of use assets,lease_liabilities,100.0,"4,383,400","3,189,839"
Gul Ahmed Annual 2025.pdf,profit_and_loss,consolidated,Deferred income - government grant,deferred_government_grant,95.0,"50,620","74,655"
Gul Ahmed Annual 2025.pdf,profit_and_loss,consolidated,Defined benefit plan - staff gratuity,employee_benefits,88.1,"475,267","528,898"
Gul Ahmed Annual 2025.pdf,profit_and_loss,consolidated,Long term deposits,long_term_deposits,100.0,"22,269","19,769"
Gul Ahmed Annual 2025.pdf,profit_and_loss,consolidated,Total non-current liabilities,total_non_current_liabilities,100.0,"23,324,031","18,404,748"
Gul Ahmed Annual 2025.pdf,profit_and_loss,consolidated,Trade and other payables,trade_payables,100.0,"31,843,262","34,321,875"
Gul Ahmed Annual 2025.pdf,profit_and_loss,consolidated,Accrued mark-up / profit,accrued_markup,90.8,"886,790","1,403,751"
Gul Ahmed Annual 2025.pdf,profit_and_loss,consolidated,Short term borrowings,short_term_borrowings,100.0,"56,082,057","42,494,328"
Gul Ahmed Annual 2025.pdf,profit_and_loss,consolidated,Current portion of non-current liabilities,current_portion_non_current_liabilities,100.0,"4,996,906","3,810,360"
Gul Ahmed Annual 2025.pdf,profit_and_loss,consolidated,Unclaimed dividend,unclaimed_dividend,100.0,"9,365","9,840"
Gul Ahmed Annual 2025.pdf,profit_and_loss,consolidated,Unpaid dividend,unpaid_dividend,100.0,"23,505","23,505"
Gul Ahmed Annual 2025.pdf,profit_and_loss,consolidated,Taxation-net,taxation_net,91.7,"1,832,299","1,143,775"
Gul Ahmed Annual 2025.pdf,profit_and_loss,consolidated,Total current liabilities,total_current_liabilities,100.0,"95,674,184","83,207,434"
Gul Ahmed Annual 2025.pdf,profit_and_loss,consolidated,Total Equity and Liabilities,total_equity_and_liabilities,100.0,"170,838,412","148,939,881"
Gul Ahmed Annual 2025.pdf,profit_and_loss,consolidated,Revenue from contracts with customers,revenue,100.0,"185,541,432","172,479,728"
Gul Ahmed Annual 2025.pdf,profit_and_loss,consolidated,Cost of sales,cost_of_sales,100.0,"(153,463,906)","(143,735,509)"
Gul Ahmed Annual 2025.pdf,profit_and_loss,consolidated,Gross profit,gross_profit,100.0,"32,077,526","28,744,219"
Gul Ahmed Annual 2025.pdf,profit_and_loss,consolidated,Selling and distribution cost,distribution_costs,89.1,"(11,321,307)","(10,000,783)"
Gul Ahmed Annual 2025.pdf,profit_and_loss,consolidated,Administrative cost,administrative_expenses,83.4,"(6,835,488)","(5,946,963)"
Gul Ahmed Annual 2025.pdf,profit_and_loss,consolidated,Other expense,other_expenses,98.5,"(573,947)","(572,192)"
Gul Ahmed Annual 2025.pdf,profit_and_loss,consolidated,Operating profit,profit_from_operations,100.0,"13,346,784","12,224,281"
Gul Ahmed Annual 2025.pdf,profit_and_loss,consolidated,Other income,other_income,100.0,"1,170,239","2,155,433"
Gul Ahmed Annual 2025.pdf,profit_and_loss,consolidated,Finance costs,finance_cost,100.0,"(7,960,656)","(7,664,182)"
Gul Ahmed Annual 2025.pdf,profit_and_loss,consolidated,Profit before levies and taxation,profit_before_tax,78.7,"6,556,367","6,715,532"
Gul Ahmed Annual 2025.pdf,profit_and_loss,consolidated,Levies,levies,100.0,"(1,692,863)","(2,235,322)"
Gul Ahmed Annual 2025.pdf,profit_and_loss,consolidated,Profit before taxation,profit_before_tax,100.0,"4,863,504","4,480,210"
Gul Ahmed Annual 2025.pdf,profit_and_loss,consolidated,Taxation,income_tax_expense,100.0,"(409,085)","371,753"
Gul Ahmed Annual 2025.pdf,profit_and_loss,consolidated,Profit for the year,profit_for_the_year,100.0,"4,454,419","4,851,963"
Gul Ahmed Annual 2025.pdf,profit_and_loss,consolidated,Earnings per share - basic and diluted,eps,85.7,6.02,6.56
Indus Motor.pdf,balance_sheet,unknown,"Property, plant and equipment",property_plant_equipment,97.2,"20,422,998","23,480,794"
Indus Motor.pdf,balance_sheet,unknown,Intangible assets,intangible_assets,100.0,"77,203","66,578"
Indus Motor.pdf,balance_sheet,unknown,Long-term loans and advances,loans_and_advances,91.3,"72,255","85,462"
Indus Motor.pdf,balance_sheet,unknown,Long-term deposits,long_term_deposits_asset,94.4,"12,273","10,020"
Indus Motor.pdf,balance_sheet,unknown,Deferred taxation - net,deferred_tax_assets,94.0,"2,951,523","2,756,998"
Indus Motor.pdf,balance_sheet,unknown,Stores and spares,stores_and_spares,100.0,"587,753","755,609"
Indus Motor.pdf,balance_sheet,unknown,Stock-in-trade,inventories,85.7,"21,766,847","22,825,648"
Indus Motor.pdf,balance_sheet,unknown,Trade debts - unsecured,trade_receivables,85.9,"9,913,463","5,993,138"
Indus Motor.pdf,balance_sheet,unknown,Loans and advances,loans_and_advances,100.0,"2,625,337","2,976,680"
Indus Motor.pdf,balance_sheet,unknown,Short-term prepayments,prepayments,95.5,"77,850","90,964"
Indus Motor.pdf,balance_sheet,unknown,Other receivables,other_receivables,100.0,"3,971,281","2,996,515"
Indus Motor.pdf,balance_sheet,unknown,Short-term investments,short_term_investments,95.5,"116,863,133","76,540,835"
Indus Motor.pdf,balance_sheet,unknown,Cash and bank balances,cash_and_bank,100.0,"5,397,774","7,240,410"
Indus Motor.pdf,balance_sheet,unknown,TOTAL ASSETS,total_assets,100.0,"184,774,378","145,819,651"
Indus Motor.pdf,balance_sheet,unknown,"Issued, subscribed and paid-up capital",share_capital,97.8,"786,000","786,000"
Indus Motor.pdf,balance_sheet,unknown,Reserves,reserves,100.0,"76,166,638","66,440,443"
Indus Motor.pdf,balance_sheet,unknown,Long-term loan,long_term_loans,91.6,"159,929","199,912"
Indus Motor.pdf,balance_sheet,unknown,Deferred revenue,deferred_revenue,100.0,"20,785","12,902"
Indus Motor.pdf,balance_sheet,unknown,Current portion of long-term loan,current_maturity_long_term_debt,100.0,"39,983","39,983"
Indus Motor.pdf,balance_sheet,unknown,Current portion of deferred revenue,employee_benefits,86.4,"15,897","11,278"
Indus Motor.pdf,balance_sheet,unknown,Unclaimed dividend,unclaimed_dividend,100.0,"337,656","295,064"
Indus Motor.pdf,balance_sheet,unknown,Unpaid dividend,unpaid_dividend,100.0,"246,910","115,429"
Indus Motor.pdf,balance_sheet,unknown,Trade and other payables,trade_payables,100.0,"58,738,325","42,273,963"
Indus Motor.pdf,balance_sheet,unknown,Taxation - net,income_tax_expense,100.0,"9,403,397","8,224,060"
Indus Motor.pdf,balance_sheet,unknown,Total Liabilities,total_liabilities,100.0,"107,821,740","78,593,208"
Indus Motor.pdf,balance_sheet,unknown,TOTAL EQUITY AND LIABILITIES,total_equity_and_liabilities,100.0,"184,774,378","145,819,651"
Indus Motor.pdf,cash_flow,unknown,Cash generated from operations,cash_generated_from_operations,100.0,"57,491,429","49,527,630"
Indus Motor.pdf,cash_flow,unknown,Net decrease / (increase) in long-term loans and advances,long_term_advances_deposits,80.9,"10,954","(9,002)"
Indus Motor.pdf,cash_flow,unknown,Increase in deferred revenue,deferred_revenue,89.1,"7,883","10,402"
Indus Motor.pdf,cash_flow,unknown,Payment to Workers’ Profit Participation Fund,workers_profit_participation_fund,94.4,"(2,050,003)","(1,546,247)"
Indus Motor.pdf,cash_flow,unknown,Payment to Workers’ Welfare Fund,workers_welfare_fund,91.7,"(466,549)","(334,983)"
Indus Motor.pdf,cash_flow,unknown,Net cash generated from operating activities,net_cash_from_operations,100.0,"41,237,421","37,088,854"
Indus Motor.pdf,cash_flow,unknown,"Purchase of property, plant and equipment and intangible assets",property_plant_equipment,82.5,"(3,284,288)","(5,040,461)"
Indus Motor.pdf,cash_flow,unknown,"Proceeds from disposal of property, plant and equipment",proceeds_disposal_fixed_assets,88.5,"342,816","185,589"
Indus Motor.pdf,cash_flow,unknown,Interest received on Pakistan Investment Bonds,interest_income_received,81.6,-,"848,202"
Indus Motor.pdf,cash_flow,unknown,Proceeds from sale / maturity of Pakistan Investment Bonds - net,investment_bond_proceeds,79.1,"1,002,616","10,424,135"
Indus Motor.pdf,cash_flow,unknown,Proceeds from sale of / (investment in) listed mutual fund units - net,investment_bond_proceeds,80.4,"3,171,629","(30,151,454)"
Indus Motor.pdf,cash_flow,unknown,Interest received on Market Treasury Bills,interest_income_received,83.1,"372,018","88,760"
Indus Motor.pdf,cash_flow,unknown,Net cash used in investing activities,cash_from_investing,100.0,"(22,360,388)","(36,577,916)"
Indus Motor.pdf,cash_flow,unknown,Dividend paid,dividend_paid,100.0,"(13,109,327)","(11,169,936)"
Indus Motor.pdf,cash_flow,unknown,Net cash used in financing activities,cash_from_financing,100.0,"(13,149,310)","(11,209,919)"
Indus Motor.pdf,cash_flow,unknown,Net increase / (decrease) in cash and cash equivalents,net_change_in_cash,93.7,"5,727,723","(10,698,981)"
Indus Motor.pdf,cash_flow,unknown,Cash and cash equivalents at beginning of the year,cash_at_beginning,100.0,"14,107,143","24,806,124"
Indus Motor.pdf,cash_flow,unknown,Cash and cash equivalents at end of the year,cash_and_equivalents_at_end,100.0,"19,834,866","14,107,143"
Indus Motor.pdf,profit_and_loss,unknown,Revenue from contracts with customers,revenue,100.0,"215,136,582","152,481,025"
Indus Motor.pdf,profit_and_loss,unknown,Cost of sales,cost_of_sales,100.0,"(183,941,195)","(133,098,723)"
Indus Motor.pdf,profit_and_loss,unknown,Gross profit,gross_profit,100.0,"31,195,387","19,382,302"
Indus Motor.pdf,profit_and_loss,unknown,Distribution expenses,distribution_costs,91.1,"(2,263,836)","(5,541,811)"
Indus Motor.pdf,profit_and_loss,unknown,Administrative expenses,administrative_expenses,100.0,"(3,601,033)","(2,643,029)"
Indus Motor.pdf,profit_and_loss,unknown,Other operating expenses,other_operating_expenses,100.0,"(243,953)","(177,903)"
Indus Motor.pdf,profit_and_loss,unknown,Workers’ Profit Participation Fund and Workers’ Welfare Fund,workers_profit_participation_fund,88.9,"(2,101,774)","(1,178,053)"
Indus Motor.pdf,profit_and_loss,unknown,Net profit from operations,profit_from_operations,96.7,"22,984,791","9,841,506"
Indus Motor.pdf,profit_and_loss,unknown,Other income,other_income,100.0,"14,949,419","13,656,239"
Indus Motor.pdf,profit_and_loss,unknown,Finance costs,finance_cost,100.0,"(263,733)","(170,291)"
Indus Motor.pdf,profit_and_loss,unknown,Profit before taxation and levy,profit_before_tax,93.2,"37,670,477","23,327,454"
Indus Motor.pdf,profit_and_loss,unknown,Profit before taxation,profit_before_tax,100.0,"37,489,342","22,712,870"
Indus Motor.pdf,profit_and_loss,unknown,Taxation,income_tax_expense,100.0,"(14,479,683)","(7,640,444)"
Indus Motor.pdf,profit_and_loss,unknown,Profit after taxation,profit_for_the_year,100.0,"23,009,659","15,072,426"
Indus Motor.pdf,profit_and_loss,unknown,Earnings per share - basic and diluted,eps,85.7,292.74,191.76
JS BankLtd.pdf,balance_sheet,consolidated,Cash and balances with treasury banks,cash_and_balances_with_banks,100.0,"112,518,691","84,152,368"
JS BankLtd.pdf,balance_sheet,consolidated,Lendings to financial institutions,lendings_to_financial_institutions,100.0,"38,838,746","4,257,928"
JS BankLtd.pdf,balance_sheet,consolidated,Investments,long_term_investment,87.5,"581,458,618","629,466,174"
JS BankLtd.pdf,balance_sheet,consolidated,Advances,prepayments,82.7,"542,341,772","521,272,420"
JS BankLtd.pdf,balance_sheet,consolidated,Property and equipment,depreciation_amortisation,89.3,"39,242,673","28,175,404"
JS BankLtd.pdf,balance_sheet,consolidated,Right-of-use assets,right_of_use_assets,100.0,"8,968,662","7,078,577"
JS BankLtd.pdf,balance_sheet,consolidated,Intangible assets,intangible_assets,100.0,"12,465,883","12,259,952"
JS BankLtd.pdf,balance_sheet,consolidated,Deferred tax assets,deferred_tax_assets,100.0,"3,356,645",-
JS BankLtd.pdf,balance_sheet,consolidated,Total Assets,total_assets,100.0,"1,415,623,704","1,359,043,128"
JS BankLtd.pdf,balance_sheet,consolidated,Bills payable,bills_payable,100.0,"17,734,525","21,899,370"
JS BankLtd.pdf,balance_sheet,consolidated,Borrowings,long_term_borrowings,100.0,"40,741,188","114,360,666"
JS BankLtd.pdf,balance_sheet,consolidated,Lease liabilities,lease_liabilities,100.0,"10,055,035","7,845,190"
JS BankLtd.pdf,balance_sheet,consolidated,Deferred tax liabilities,deferred_tax_liabilities,100.0,-,"2,452,165"
JS BankLtd.pdf,balance_sheet,consolidated,Other liabilities,contract_liabilities,84.4,"55,046,690","42,370,206"
JS BankLtd.pdf,balance_sheet,consolidated,Total Liabilities,total_liabilities,100.0,"1,334,500,069","1,282,246,574"
JS BankLtd.pdf,balance_sheet,consolidated,NET ASSETS,contract_assets,82.1,"81,123,635","76,796,554"
JS BankLtd.pdf,balance_sheet,consolidated,Share capital,share_capital,100.0,"20,506,625","20,506,625"
JS BankLtd.pdf,balance_sheet,consolidated,Reserves,reserves,100.0,"11,087,154","9,618,250"
JS BankLtd.pdf,balance_sheet,consolidated,Surplus on revaluation of assets,surplus_on_revaluation,90.4,"5,529,752","8,134,496"
JS BankLtd.pdf,balance_sheet,consolidated,Unappropriated profit,unappropriated_profit,100.0,"31,287,298","26,121,333"
JS BankLtd.pdf,balance_sheet,consolidated,Non-controlling interest,non_controlling_interest,100.0,"12,712,806","12,415,850"
JS BankLtd.pdf,cash_flow,consolidated,Profit before taxation,profit_before_tax,100.0,"19,300,966","30,679,165"
JS BankLtd.pdf,cash_flow,consolidated,Less: Dividend income,dividend_income,93.3,"(556,713)","(451,838)"
JS BankLtd.pdf,cash_flow,consolidated,Share of profit / (loss) of associates,share_of_profit_of_associates,79.3,"(418,902)","(409,539)"
JS BankLtd.pdf,cash_flow,consolidated,Net mark-up / interest income,net_markup_income,94.1,"(64,486,258)","(74,002,495)"
JS BankLtd.pdf,cash_flow,consolidated,Depreciation on property and equipment,depreciation_amortisation,100.0,"3,862,022","3,080,948"
JS BankLtd.pdf,cash_flow,consolidated,Depreciation on non-banking assets,depreciation_amortisation,100.0,"41,444","37,939"
JS BankLtd.pdf,cash_flow,consolidated,Depreciation on right-of-use assets,depreciation_rou_assets,94.3,"3,440,858","2,713,926"
JS BankLtd.pdf,cash_flow,consolidated,Amortisation,depreciation_amortisation,100.0,"1,089,552","803,164"
JS BankLtd.pdf,cash_flow,consolidated,Credit loss allowance and write offs - net,credit_loss_allowance,96.7,"2,982,127","7,414,240"
JS BankLtd.pdf,cash_flow,consolidated,Charge for defined benefit plan,employee_benefits,91.4,"281,762","462,822"
JS BankLtd.pdf,cash_flow,consolidated,Provision for workers' welfare fund,workers_welfare_fund,90.0,"440,851","669,542"
JS BankLtd.pdf,cash_flow,consolidated,Lendings to financial institutions,lendings_to_financial_institutions,100.0,"(34,570,674)","12,247,450"
JS BankLtd.pdf,cash_flow,consolidated,Advances,prepayments,82.7,"(23,326,306)","(102,902,213)"
JS BankLtd.pdf,cash_flow,consolidated,Bills payable,bills_payable,100.0,"(4,164,845)","11,105,472"
JS BankLtd.pdf,cash_flow,consolidated,Borrowings from financial institutions,borrowings_from_fis,100.0,"(74,177,167)","29,282,478"
JS BankLtd.pdf,cash_flow,consolidated,Interest received,interest_income_received,100.0,"153,536,702","235,373,654"
JS BankLtd.pdf,cash_flow,consolidated,Interest paid,interest_income_received,78.4,"(86,857,909)","(148,937,271)"
JS BankLtd.pdf,cash_flow,consolidated,Income tax paid,taxes_paid,100.0,"(19,932,045)","(22,678,524)"
JS BankLtd.pdf,cash_flow,consolidated,Net cash flow generated from operating activities,net_cash_from_operations,91.8,"10,729,894","47,702,176"
JS BankLtd.pdf,cash_flow,consolidated,Net investments in associates,investment_in_associates,93.7,"1,107,204","(961,433)"
JS BankLtd.pdf,cash_flow,consolidated,Dividend received,dividend_income,100.0,"556,713","454,208"
JS BankLtd.pdf,cash_flow,consolidated,Acquisition of property and equipment,depreciation_amortisation,86.2,"(12,441,866)","(6,297,867)"
JS BankLtd.pdf,cash_flow,consolidated,Proceeds from sale of property and equipment,proceeds_disposal_fixed_assets,90.6,"593,303","181,705"
JS BankLtd.pdf,cash_flow,consolidated,Acquisition of intangible assets,acquisition_intangible_assets,93.2,"(1,298,775)","(3,022,031)"
JS BankLtd.pdf,cash_flow,consolidated,Net cash flow generated from / (used in) investing activities,cash_from_investing,83.1,"24,593,277","(41,802,396)"
JS BankLtd.pdf,cash_flow,consolidated,Payments of lease obligations against right-of-use assets,right_of_use_assets,80.0,"(4,399,116)","(4,023,523)"
JS BankLtd.pdf,cash_flow,consolidated,Dividend paid to NCI,dividend_paid,91.5,"(758,701)","(689,728)"
JS BankLtd.pdf,cash_flow,consolidated,Net cash flow used in financing activities,cash_from_financing,90.6,"(5,159,635)","(4,565,214)"
JS BankLtd.pdf,cash_flow,consolidated,Increase in cash and cash equivalents,net_change_in_cash,97.9,"30,163,536","1,334,566"
JS BankLtd.pdf,cash_flow,consolidated,Cash and cash equivalents at beginning of the year,cash_at_beginning,100.0,"88,269,697","86,935,131"
JS BankLtd.pdf,cash_flow,consolidated,Cash and cash equivalents at end of the year,cash_and_equivalents_at_end,100.0,"118,433,233","88,269,697"
JS BankLtd.pdf,profit_and_loss,consolidated,Net mark-up / interest / profit,net_markup_income,80.7,"63,056,497","74,002,495"
JS BankLtd.pdf,profit_and_loss,consolidated,Fee and commission income,fee_and_commission_income,100.0,"11,565,719","8,944,939"
JS BankLtd.pdf,profit_and_loss,consolidated,Dividend income,dividend_income,100.0,"556,713","451,838"
JS BankLtd.pdf,profit_and_loss,consolidated,Foreign exchange income,foreign_exchange_difference,80.1,"3,293,477","4,629,745"
JS BankLtd.pdf,profit_and_loss,consolidated,Share of profit / (loss) of associates,share_of_profit_of_associates,79.3,"418,902","409,539"
JS BankLtd.pdf,profit_and_loss,consolidated,Other income,other_income,100.0,"635,380","288,837"
JS BankLtd.pdf,profit_and_loss,consolidated,Total non mark-up / interest income,net_markup_income,87.8,"24,032,305","16,245,311"
JS BankLtd.pdf,profit_and_loss,consolidated,Operating expenses,other_operating_expenses,94.3,"64,071,764","51,350,253"
JS BankLtd.pdf,profit_and_loss,consolidated,Workers' welfare fund,workers_welfare_fund,100.0,"440,851","669,542"
JS BankLtd.pdf,profit_and_loss,consolidated,Credit loss allowance and write offs - net,credit_loss_allowance,96.7,"2,909,863","7,414,240"
JS BankLtd.pdf,profit_and_loss,consolidated,Profit before taxation,profit_before_tax,100.0,"19,300,966","30,679,165"
JS BankLtd.pdf,profit_and_loss,consolidated,Taxation,income_tax_expense,100.0,"11,761,738","17,319,093"
JS BankLtd.pdf,profit_and_loss,consolidated,Profit after taxation,profit_for_the_year,100.0,"7,539,228","13,360,072"
JS BankLtd.pdf,profit_and_loss,consolidated,Non-controlling interest,non_controlling_interest,100.0,"1,712,248","3,050,703"
JS BankLtd.pdf,profit_and_loss,consolidated,Earnings per share - basic and diluted,eps,85.7,2.84,5.03
JS BankLtd.pdf,profit_and_loss,consolidated,Profit after taxation for the year,profit_for_the_year,90.5,"7,539,228","13,360,072"
JS BankLtd.pdf,profit_and_loss,consolidated,property and equipment - net of tax,property_plant_equipment,80.7,"1,410,268","688,289"
JS BankLtd.pdf,profit_and_loss,consolidated,Total comprehensive income,total_comprehensive_income,100.0,"5,072,666","17,893,944"
JS BankLtd.pdf,profit_and_loss,consolidated,Non-controlling interest,non_controlling_interest,100.0,"1,055,657","3,815,216"
K-electric LImited.pdf,balance_sheet,consolidated,"Property, plant and equipment",property_plant_equipment,97.2,"489,283,684","424,070,268"
K-electric LImited.pdf,balance_sheet,consolidated,Intangible assets,intangible_assets,100.0,"518,889","389,270"
K-electric LImited.pdf,balance_sheet,consolidated,Investment property,investment_property,100.0,"2,925,942","2,986,899"
K-electric LImited.pdf,balance_sheet,consolidated,Long-term loans,long_term_loans,93.3,"11,899","13,865"
K-electric LImited.pdf,balance_sheet,consolidated,Long-term deposits,long_term_deposits_asset,94.4,"14,600","11,744"
K-electric LImited.pdf,balance_sheet,consolidated,Deferred tax asset,deferred_tax_assets,100.0,"27,868",-
K-electric LImited.pdf,balance_sheet,consolidated,Inventories,inventories,100.0,"17,105,276","16,082,872"
K-electric LImited.pdf,balance_sheet,consolidated,Trade debts,trade_receivables,100.0,"136,963,108","104,714,380"
K-electric LImited.pdf,balance_sheet,consolidated,Loans and advances,loans_and_advances,100.0,"1,689,165","2,587,658"
K-electric LImited.pdf,balance_sheet,consolidated,Deposits and short-term prepayments,prepayments,86.7,"8,057,751","4,006,201"
K-electric LImited.pdf,balance_sheet,consolidated,Other receivables,other_receivables,100.0,"375,198,048","274,973,980"
K-electric LImited.pdf,balance_sheet,consolidated,Current maturity of other financial assets - at amortised cost,current_maturity_long_term_debt,78.7,"1,088,032",-
K-electric LImited.pdf,balance_sheet,consolidated,Derivative financial assets,derivative_financial_instruments,100.0,"8,033,631","3,276,351"
K-electric LImited.pdf,balance_sheet,consolidated,Cash and bank balances,cash_and_bank,100.0,"2,899,473","2,551,633"
K-electric LImited.pdf,balance_sheet,consolidated,TOTAL ASSETS,total_assets,100.0,"1,060,140,634","835,665,121"
K-electric LImited.pdf,balance_sheet,consolidated,"Issued, subscribed and paid-up capital",share_capital,97.8,"96,261,551","96,261,551"
K-electric LImited.pdf,balance_sheet,consolidated,"Revaluation surplus on property, plant and equipment",surplus_on_revaluation,84.8,"69,713,296","55,932,669"
K-electric LImited.pdf,balance_sheet,consolidated,General reserves,reserves,86.7,"5,372,356","5,372,356"
K-electric LImited.pdf,balance_sheet,consolidated,Unappropriated profit,unappropriated_profit,100.0,"76,742,861","64,357,550"
K-electric LImited.pdf,balance_sheet,consolidated,TOTAL EQUITY,total_equity,100.0,"250,099,236","223,933,298"
K-electric LImited.pdf,balance_sheet,consolidated,Long-term financing,repayment_long_term_financing,89.8,"130,660,289","35,650,703"
K-electric LImited.pdf,balance_sheet,consolidated,Lease liabilities,lease_liabilities,100.0,"164,701","100,342"
K-electric LImited.pdf,balance_sheet,consolidated,Long-term deposits,long_term_deposits_liability,94.4,"13,976,931","12,866,349"
K-electric LImited.pdf,balance_sheet,consolidated,Employee retirement benefits,employee_benefits,92.3,"5,492,679","4,717,134"
K-electric LImited.pdf,balance_sheet,consolidated,Deferred revenue,deferred_revenue,100.0,"30,580,528","27,697,647"
K-electric LImited.pdf,balance_sheet,consolidated,Current maturity of long-term diminishing musharaka,current_maturity_long_term_debt,84.6,"3,750,000","4,400,000"
K-electric LImited.pdf,balance_sheet,consolidated,Current maturity of long-term financing,current_maturity_long_term_debt,100.0,"19,888,341","12,330,261"
K-electric LImited.pdf,balance_sheet,consolidated,Current maturity of lease liabilities,lease_liabilities,85.2,"32,750","31,723"
K-electric LImited.pdf,balance_sheet,consolidated,Trade and other payables,trade_payables,100.0,"439,323,801","353,860,690"
K-electric LImited.pdf,balance_sheet,consolidated,Accrued mark-up,accrued_markup,100.0,"10,629,604","8,858,167"
K-electric LImited.pdf,balance_sheet,consolidated,Taxation - net,income_tax_expense,100.0,"897,273","51,692"
K-electric LImited.pdf,balance_sheet,consolidated,Short-term borrowings,short_term_borrowings,95.2,"107,535,452","107,023,197"
K-electric LImited.pdf,balance_sheet,consolidated,Short-term deposits,short_term_deposits,100.0,"26,012,012","19,372,118"
K-electric LImited.pdf,balance_sheet,consolidated,Provision,provision_for_taxation,83.2,"18,492","7,500"
K-electric LImited.pdf,balance_sheet,consolidated,TOTAL LIABILITIES,total_liabilities,100.0,"810,041,398","611,731,823"
K-electric LImited.pdf,balance_sheet,consolidated,TOTAL EQUITY AND LIABILITIES,total_equity_and_liabilities,100.0,"1,060,140,634","835,665,121"
K-electric LImited.pdf,cash_flow,consolidated,Profit before taxation,profit_before_tax,100.0,"5,569,843","15,327,628"
K-electric LImited.pdf,cash_flow,consolidated,Depreciation and amortisation,depreciation_amortisation,83.4,"20,834,758","19,407,955"
K-electric LImited.pdf,cash_flow,consolidated,Provision for employee retirement benefits,employee_benefits,84.9,"1,061,766","1,024,492"
K-electric LImited.pdf,cash_flow,consolidated,Impairment loss against trade debts and other receivables,other_receivables,78.4,"24,847,537","15,743,291"
K-electric LImited.pdf,cash_flow,consolidated,"Gain on sale of property, plant and equipment",property_plant_equipment,88.5,"(2,194,267)","(1,887,009)"
K-electric LImited.pdf,cash_flow,consolidated,Unrealised loss / (gain) on derivative financial assets,derivative_financial_instruments,86.3,"(5,997,523)","518,836"
K-electric LImited.pdf,cash_flow,consolidated,Interest income on term deposits,long_term_deposits,82.1,"(31,575)",-
K-electric LImited.pdf,cash_flow,consolidated,Amortisation of transaction cost,depreciation_amortisation,81.8,"330,133","292,701"
K-electric LImited.pdf,cash_flow,consolidated,Reversal of interest accrued on security deposits,security_deposits,80.6,"(1,962,573)",-
K-electric LImited.pdf,cash_flow,consolidated,Amortisation of deferred revenue,deferred_revenue,86.7,"(2,405,777)","(2,193,134)"
K-electric LImited.pdf,cash_flow,consolidated,Operating profit before working capital changes,profit_from_operations,80.3,"66,499,334","57,955,877"
K-electric LImited.pdf,cash_flow,consolidated,Inventories,inventories,100.0,"(1,240,867)","(3,330,907)"
K-electric LImited.pdf,cash_flow,consolidated,Trade debts,trade_receivables,100.0,"(51,581,534)","(20,625,808)"
K-electric LImited.pdf,cash_flow,consolidated,Loans and advances,loans_and_advances,100.0,"898,493","(781,242)"
K-electric LImited.pdf,cash_flow,consolidated,Deposits and short term prepayments,prepayments,90.9,"(4,054,407)","(411,037)"
K-electric LImited.pdf,cash_flow,consolidated,Other receivables,other_receivables,100.0,"(105,707,224)","(62,931,626)"
K-electric LImited.pdf,cash_flow,consolidated,Trade and other payables,trade_payables,100.0,"82,212,439","86,229,710"
K-electric LImited.pdf,cash_flow,consolidated,Short-term deposits,short_term_deposits,100.0,"4,229,771","(52,191)"
K-electric LImited.pdf,cash_flow,consolidated,Cash (used in) / generated from operations,cash_generated_from_operations,89.0,"(8,743,995)","56,052,776"
K-electric LImited.pdf,cash_flow,consolidated,Employee retirement benefits paid,employee_benefits,89.2,"(398,004)","(1,731,671)"
K-electric LImited.pdf,cash_flow,consolidated,Income tax paid,taxes_paid,100.0,"(3,511,014)","(2,744,078)"
K-electric LImited.pdf,cash_flow,consolidated,Receipts in deferred revenue,deferred_revenue,89.1,"5,288,658","5,076,643"
K-electric LImited.pdf,cash_flow,consolidated,Finance cost paid,finance_cost_paid,100.0,"(20,120,911)","(14,575,732)"
K-electric LImited.pdf,cash_flow,consolidated,Interest received on bank deposits,interest_income_received,86.7,"450,032","231,891"
K-electric LImited.pdf,cash_flow,consolidated,Long-term loans,long_term_loans,93.3,"1,966","2,664"
K-electric LImited.pdf,cash_flow,consolidated,Long-term deposits,long_term_deposits,94.4,-,(486)
K-electric LImited.pdf,cash_flow,consolidated,Net cash (used in) / generated from operating activities,net_cash_from_operations,89.5,"(27,058,918)","42,259,107"
K-electric LImited.pdf,cash_flow,consolidated,Capital expenditure incurred,capital_expenditure,100.0,"(51,262,747)","(76,567,636)"
K-electric LImited.pdf,cash_flow,consolidated,"Proceeds from disposal of property, plant and equipment",proceeds_disposal_fixed_assets,88.5,"4,003,158","2,283,807"
K-electric LImited.pdf,cash_flow,consolidated,Net cash used in investing activities,cash_from_investing,100.0,"(63,764,433)","(74,283,829)"
K-electric LImited.pdf,cash_flow,consolidated,Repayment of long-term diminishing musharaka - net,repayment_long_term_financing,79.3,"(4,400,000)","(3,241,590)"
K-electric LImited.pdf,cash_flow,consolidated,Lease payments,prepayments,79.3,"(53,827)","(45,215)"
K-electric LImited.pdf,cash_flow,consolidated,Security deposit from consumers,security_deposits,86.5,"1,110,582","1,147,489"
K-electric LImited.pdf,cash_flow,consolidated,Net cash generated from financing activities,cash_from_financing,100.0,"84,800,060","22,061,442"
K-electric LImited.pdf,cash_flow,consolidated,Net decrease in cash and cash equivalents,net_change_in_cash,100.0,"(6,023,291)","(9,963,280)"
K-electric LImited.pdf,cash_flow,consolidated,Cash and cash equivalents at beginning of the year,cash_at_beginning,100.0,"(35,798,805)","(25,835,525)"
K-electric LImited.pdf,cash_flow,consolidated,Cash and cash equivalents at end of the year,cash_and_equivalents_at_end,100.0,"(41,822,096)","(35,798,805)"
K-electric LImited.pdf,profit_and_loss,consolidated,Net revenue,revenue,91.1,"346,384,175","255,006,208"
K-electric LImited.pdf,profit_and_loss,consolidated,Other cost of sales,cost_of_sales,92.5,"(271,230)",-
K-electric LImited.pdf,profit_and_loss,consolidated,GROSS PROFIT,gross_profit,100.0,"72,438,028","59,194,590"
K-electric LImited.pdf,profit_and_loss,consolidated,Consumers services and administrative expenses,administrative_expenses,86.7,"(27,691,234)","(25,242,321)"
K-electric LImited.pdf,profit_and_loss,consolidated,Impairment loss against trade debts and other receivables,other_receivables,78.4,"(24,847,537)","(15,743,291)"
K-electric LImited.pdf,profit_and_loss,consolidated,Other operating expenses,other_operating_expenses,100.0,"(9,413,621)","(1,559,592)"
K-electric LImited.pdf,profit_and_loss,consolidated,Other income,other_income,100.0,"10,206,869","9,791,234"
K-electric LImited.pdf,profit_and_loss,consolidated,PROFIT BEFORE FINANCE COST,finance_cost,85.3,"20,692,505","26,440,620"
K-electric LImited.pdf,profit_and_loss,consolidated,Finance cost,finance_cost,100.0,"(15,122,662)","(11,112,992)"
K-electric LImited.pdf,profit_and_loss,consolidated,PROFIT BEFORE TAXATION,profit_before_tax,100.0,"5,569,843","15,327,628"
K-electric LImited.pdf,profit_and_loss,consolidated,PROFIT FOR THE YEAR,profit_for_the_year,100.0,"8,469,314","11,979,964"
K-electric LImited.pdf,profit_and_loss,consolidated,AND AMORTISATION (EBITDA),depreciation_amortisation,85.9,"41,527,263","45,848,575"
K-electric LImited.pdf,profit_and_loss,consolidated,EARNING PER SHARE - BASIC AND DILUTED,eps,83.0,0.31,0.43
K-electric LImited.pdf,profit_and_loss,consolidated,Net profit for the year,profit_for_the_year,96.2,"8,469,314","11,979,964"
K-electric LImited.pdf,profit_and_loss,consolidated,Remeasurement of post employee benefit obligations,employee_benefits,88.7,"(111,783)","(162,274)"
K-electric LImited.pdf,profit_and_loss,consolidated,Less: Taxation thereon,income_tax_expense,81.3,"32,417","47,059"
K-electric LImited.pdf,profit_and_loss,consolidated,Less: Taxation thereon,income_tax_expense,81.3,"(7,260,616)","(575,988)"
K-electric LImited.pdf,profit_and_loss,consolidated,Total comprehensive income for the year,total_comprehensive_income,92.0,"26,165,938","13,274,927"
Lucky Cement Limited.pdf,balance_sheet,consolidated,"Property, plant and equipment",property_plant_equipment,97.2,"305,340,294","298,571,892"
Lucky Cement Limited.pdf,balance_sheet,consolidated,Intangible assets,intangible_assets,100.0,"8,112,396","6,625,546"
Lucky Cement Limited.pdf,balance_sheet,consolidated,Right–of–use assets,right_of_use_assets,100.0,"368,211","182,457"
Lucky Cement Limited.pdf,balance_sheet,consolidated,Long–term investments,long_term_investment,95.2,"92,217,941","78,083,162"
Lucky Cement Limited.pdf,balance_sheet,consolidated,"Long–term loans, advances and deposits",long_term_advances_deposits,95.2,"1,683,076","1,065,591"
Lucky Cement Limited.pdf,balance_sheet,consolidated,Long term trade debts,trade_receivables,87.5,"1,085,658","502,317"
Lucky Cement Limited.pdf,balance_sheet,consolidated,Stores and spares,stores_and_spares,100.0,"29,585,458","24,834,721"
Lucky Cement Limited.pdf,balance_sheet,consolidated,Stock–in–trade,inventories,85.7,"61,689,309","68,049,161"
Lucky Cement Limited.pdf,balance_sheet,consolidated,Trade debts,trade_receivables,100.0,"61,738,176","67,225,170"
Lucky Cement Limited.pdf,balance_sheet,consolidated,Loans and advances,loans_and_advances,100.0,"3,489,610","3,468,097"
Lucky Cement Limited.pdf,balance_sheet,consolidated,Deposits and prepayments,advances_deposits_prepayments,93.1,"7,047,694","6,296,487"
Lucky Cement Limited.pdf,balance_sheet,consolidated,Other receivables,other_receivables,100.0,"14,552,293","17,191,874"
Lucky Cement Limited.pdf,balance_sheet,consolidated,Tax refunds due from the Government,tax_refund_due_from_government,89.8,"538,812","538,812"
Lucky Cement Limited.pdf,balance_sheet,consolidated,Taxation receivable,tax_refund_due_from_government,100.0,"136,119","163,398"
Lucky Cement Limited.pdf,balance_sheet,consolidated,Short–term investments,short_term_investments,95.5,"80,091,215","44,899,062"
Lucky Cement Limited.pdf,balance_sheet,consolidated,Cash and bank balances,cash_and_bank,100.0,"61,685,366","41,963,878"
Lucky Cement Limited.pdf,balance_sheet,consolidated,TOTAL ASSETS,total_assets,100.0,"729,361,628","659,661,625"
Lucky Cement Limited.pdf,balance_sheet,consolidated,Share capital,share_capital,100.0,"2,930,000","2,930,000"
Lucky Cement Limited.pdf,balance_sheet,consolidated,Reserves,reserves,100.0,"344,371,028","270,695,520"
Lucky Cement Limited.pdf,balance_sheet,consolidated,Attributable to the owners of the Holding Company,equity_attributable_to_parent,93.1,"347,301,028","273,625,520"
Lucky Cement Limited.pdf,balance_sheet,consolidated,Non–controlling interest,non_controlling_interest,100.0,"40,740,410","37,005,928"
Lucky Cement Limited.pdf,balance_sheet,consolidated,Total equity,total_equity,100.0,"388,041,438","310,631,448"
Lucky Cement Limited.pdf,balance_sheet,consolidated,Long–term deposits and other liabilities,long_term_deposits_liability,80.1,"8,623,090","9,861,994"
Lucky Cement Limited.pdf,balance_sheet,consolidated,Long–term finance,long_term_borrowings,93.0,"117,625,786","124,167,975"
Lucky Cement Limited.pdf,balance_sheet,consolidated,Lease liabilities,lease_liabilities,100.0,"307,146","157,478"
Lucky Cement Limited.pdf,balance_sheet,consolidated,Deferred Government grant,deferred_government_grant,100.0,"2,648,059","3,412,709"
Lucky Cement Limited.pdf,balance_sheet,consolidated,Deferred liabilities,deferred_tax_liabilities,84.4,"34,342,438","27,638,646"
Lucky Cement Limited.pdf,balance_sheet,consolidated,Trade and other payables,trade_payables,100.0,"80,989,867","77,016,266"
Lucky Cement Limited.pdf,balance_sheet,consolidated,Current portion of long–term finance,current_maturity_long_term_debt,94.2,"13,181,508","11,567,233"
Lucky Cement Limited.pdf,balance_sheet,consolidated,Taxation – net,taxation_net,100.0,"25,406,151","21,065,055"
Lucky Cement Limited.pdf,balance_sheet,consolidated,Short–term borrowings,short_term_borrowings,95.2,"54,787,977","69,878,771"
Lucky Cement Limited.pdf,balance_sheet,consolidated,Current portion of lease liabilities,lease_liabilities,85.7,"81,649","38,547"
Lucky Cement Limited.pdf,balance_sheet,consolidated,Unclaimed dividend,unclaimed_dividend,100.0,"65,745","59,148"
Lucky Cement Limited.pdf,balance_sheet,consolidated,TOTAL EQUITY AND LIABILITIES,total_equity_and_liabilities,100.0,"729,361,628","659,661,625"
Lucky Cement Limited.pdf,cash_flow,consolidated,Cash generated from operations,cash_generated_from_operations,100.0,"133,694,930","86,151,570"
Lucky Cement Limited.pdf,cash_flow,consolidated,Finance cost paid,finance_cost_paid,100.0,"(26,343,120)","(37,548,473)"
Lucky Cement Limited.pdf,cash_flow,consolidated,Income tax paid,taxes_paid,100.0,"(11,768,602)","(7,749,823)"
Lucky Cement Limited.pdf,cash_flow,consolidated,Staff retirement benefits paid,employee_benefits,91.0,"(418,970)","(316,682)"
Lucky Cement Limited.pdf,cash_flow,consolidated,Long term deposits – net –,long_term_deposits,92.7,,"(5,757)"
Lucky Cement Limited.pdf,cash_flow,consolidated,Increase in long–term loans and advances,loans_and_advances,84.8,"(617,485)","(233,771)"
Lucky Cement Limited.pdf,cash_flow,consolidated,Net cash generated from operating activities,net_cash_from_operations,100.0,"96,742,214","45,207,351"
Lucky Cement Limited.pdf,cash_flow,consolidated,Fixed capital expenditure,capital_expenditure,100.0,"(20,981,028)","(24,812,205)"
Lucky Cement Limited.pdf,cash_flow,consolidated,Dividends received on short term investments,short_term_investments,86.7,"8,735,075","7,605,308"
Lucky Cement Limited.pdf,cash_flow,consolidated,Payment for acquisition of business,acquisition_intangible_assets,85.5,"(5,000,000)",-
Lucky Cement Limited.pdf,cash_flow,consolidated,"Sale proceeds on disposal of property, plant and equipment",proceeds_disposal_fixed_assets,84.0,"488,232","421,155"
Lucky Cement Limited.pdf,cash_flow,consolidated,Net cash used in investing activities,cash_from_investing,100.0,"(11,664,508)","(13,253,119)"
Lucky Cement Limited.pdf,cash_flow,consolidated,Long–term finance repaid,long_term_borrowings,85.3,"(5,692,564)","(10,024,236)"
Lucky Cement Limited.pdf,cash_flow,consolidated,Dividend paid to owners of the Holding Company,equity_attributable_to_parent,81.2,"(4,388,403)","(5,443,084)"
Lucky Cement Limited.pdf,cash_flow,consolidated,Dividend paid to non–controlling interest,non_controlling_interest,89.5,"(3,788,308)","(3,070,884)"
Lucky Cement Limited.pdf,cash_flow,consolidated,Short term borrowings – net,short_term_borrowings,95.0,"(15,980,961)","6,739,686"
Lucky Cement Limited.pdf,cash_flow,consolidated,Payment against lease liability,lease_liabilities,86.1,"(184,529)","(131,893)"
Lucky Cement Limited.pdf,cash_flow,consolidated,Long–term deposits and other liabilities,long_term_deposits,80.1,"(1,238,904)",-
Lucky Cement Limited.pdf,cash_flow,consolidated,Net cash used in from financing activities,cash_from_financing,89.4,"(31,273,669)","(24,050,180)"
Lucky Cement Limited.pdf,cash_flow,consolidated,Net increase in cash and cash equivalents,net_change_in_cash,100.0,"53,804,037","7,634,552"
Lucky Cement Limited.pdf,cash_flow,consolidated,Cash and cash equivalents at the beginning of the year,cash_at_beginning,100.0,"77,623,341","70,004,715"
Lucky Cement Limited.pdf,cash_flow,consolidated,Effect of foreign currency translation on cash and cash equivalents,cash_and_bank,81.7,"242,110","(15,926)"
Lucky Cement Limited.pdf,cash_flow,consolidated,Cash and cash equivalents at the end of the year,cash_and_equivalents_at_end,100.0,"131,669,488","77,623,341"
Lucky Cement Limited.pdf,profit_and_loss,consolidated,Gross Revenue,revenue,88.0,"559,204,434","489,363,447"
Lucky Cement Limited.pdf,profit_and_loss,consolidated,Net Revenue,revenue,91.1,"449,629,947","410,995,183"
Lucky Cement Limited.pdf,profit_and_loss,consolidated,Cost of sales,cost_of_sales,100.0,"(326,892,051)","(287,478,242)"
Lucky Cement Limited.pdf,profit_and_loss,consolidated,Gross profit,gross_profit,100.0,"122,737,896","123,516,941"
Lucky Cement Limited.pdf,profit_and_loss,consolidated,Distribution cost,distribution_costs,100.0,"(17,254,021)","(15,785,531)"
Lucky Cement Limited.pdf,profit_and_loss,consolidated,Administrative expenses,administrative_expenses,100.0,"(7,559,413)","(7,652,978)"
Lucky Cement Limited.pdf,profit_and_loss,consolidated,Finance cost,finance_cost,100.0,"(25,498,349)","(36,698,507)"
Lucky Cement Limited.pdf,profit_and_loss,consolidated,Other expenses,other_expenses,100.0,"(4,728,985)","(3,674,585)"
Lucky Cement Limited.pdf,profit_and_loss,consolidated,Other income,other_income,100.0,"20,320,672","16,185,370"
Lucky Cement Limited.pdf,profit_and_loss,consolidated,Profit before taxation and levy,profit_before_tax,93.2,"106,090,350","92,100,328"
Lucky Cement Limited.pdf,profit_and_loss,consolidated,Profit before taxation,profit_before_tax,100.0,"105,746,566","90,301,772"
Lucky Cement Limited.pdf,profit_and_loss,consolidated,Taxation,income_tax_expense,100.0,"(21,248,189)","(17,965,025)"
Lucky Cement Limited.pdf,profit_and_loss,consolidated,Profit after taxation,profit_for_the_year,100.0,"84,498,377","72,336,747"
Lucky Cement Limited.pdf,profit_and_loss,consolidated,Owners of the Holding Company,equity_attributable_to_parent,88.6,"76,956,147","65,555,505"
Lucky Cement Limited.pdf,profit_and_loss,consolidated,Non–controlling interest,non_controlling_interest,100.0,"7,542,230","6,781,242"
Lucky Cement Limited.pdf,profit_and_loss,consolidated,Earnings per share - basic and diluted,eps,85.7,52.53,44.10
Lucky Cement Limited.pdf,profit_and_loss,consolidated,Profit after taxation,profit_for_the_year,100.0,"84,498,377","72,336,747"
Lucky Cement Limited.pdf,profit_and_loss,consolidated,Foreign exchange differences on translation of foreign operations,foreign_exchange_difference,97.4,"1,689,986","(1,728,162)"
Lucky Cement Limited.pdf,profit_and_loss,consolidated,Deferred tax thereon,deferred_tax_liabilities,82.8,"387,780","14,828"
Lucky Cement Limited.pdf,profit_and_loss,consolidated,Deferred tax thereon,deferred_tax_liabilities,82.8,"(3,460)","(1,197)"
Lucky Cement Limited.pdf,profit_and_loss,consolidated,Total comprehensive income for the year,total_comprehensive_income,92.0,"85,593,298","70,544,659"
Lucky Cement Limited.pdf,profit_and_loss,consolidated,Owners of the Holding Company,equity_attributable_to_parent,88.6,"78,070,508","63,718,285"
Lucky Cement Limited.pdf,profit_and_loss,consolidated,Non–controlling interest,non_controlling_interest,100.0,"7,522,790","6,826,374"
MCB Limited.pdf,balance_sheet,consolidated,Cash and balances with treasury banks,cash_and_balances_with_banks,100.0,"211,224,339","186,680,045"
MCB Limited.pdf,balance_sheet,consolidated,Lendings to financial institutions,lendings_to_financial_institutions,100.0,"99,041,793","57,655,504"
MCB Limited.pdf,balance_sheet,consolidated,Investments,long_term_investment,87.5,"2,099,046,161","1,306,556,156"
MCB Limited.pdf,balance_sheet,consolidated,Advances,prepayments,82.7,"821,711,633","1,165,914,626"
MCB Limited.pdf,balance_sheet,consolidated,Property and equipment,depreciation_amortisation,89.3,"103,683,770","88,019,025"
MCB Limited.pdf,balance_sheet,consolidated,Right–of–use assets,right_of_use_assets,100.0,"10,442,271","8,452,814"
MCB Limited.pdf,balance_sheet,consolidated,Intangible assets,intangible_assets,100.0,"3,453,209","2,650,482"
MCB Limited.pdf,balance_sheet,consolidated,Total Assets,total_assets,100.0,"3,578,741,706","3,009,721,756"
MCB Limited.pdf,balance_sheet,consolidated,Bills payable,bills_payable,100.0,"31,132,570","53,421,951"
MCB Limited.pdf,balance_sheet,consolidated,Borrowings,long_term_borrowings,100.0,"476,169,106","320,236,834"
MCB Limited.pdf,balance_sheet,consolidated,Lease liabilities,lease_liabilities,100.0,"15,505,119","12,663,814"
MCB Limited.pdf,balance_sheet,consolidated,Deferred tax liabilities,deferred_tax_liabilities,100.0,"49,340,982","20,824,376"
MCB Limited.pdf,balance_sheet,consolidated,Other liabilities,contract_liabilities,84.4,"139,912,047","184,802,159"
MCB Limited.pdf,balance_sheet,consolidated,Total Liabilities,total_liabilities,100.0,"3,241,563,045","2,722,474,512"
MCB Limited.pdf,balance_sheet,consolidated,NET ASSETS,contract_assets,82.1,"337,178,661","287,247,244"
MCB Limited.pdf,balance_sheet,consolidated,Share capital,share_capital,100.0,"11,850,600","11,850,600"
MCB Limited.pdf,balance_sheet,consolidated,Reserves,reserves,100.0,"113,681,018","108,157,770"
MCB Limited.pdf,balance_sheet,consolidated,Surplus on revaluation of assets,surplus_on_revaluation,90.4,"74,810,215","45,811,069"
MCB Limited.pdf,balance_sheet,consolidated,Unappropriated profit,unappropriated_profit,100.0,"136,068,597","120,926,276"
MCB Limited.pdf,balance_sheet,consolidated,Non–controlling interest,non_controlling_interest,100.0,"768,231","501,529"
MCB Limited.pdf,cash_flow,consolidated,Profit before taxation,profit_before_tax,100.0,"125,118,917","131,177,019"
MCB Limited.pdf,cash_flow,consolidated,Less: Dividend income and share of profit of associates,share_of_profit_of_associates,87.6,"(7,276,574)","(5,370,935)"
MCB Limited.pdf,cash_flow,consolidated,Net–mark–up / interest income,net_markup_income,90.5,"(161,203,074)","(167,947,353)"
MCB Limited.pdf,cash_flow,consolidated,Depreciation on property and equipment,depreciation_amortisation,100.0,"5,294,504","4,507,526"
MCB Limited.pdf,cash_flow,consolidated,Depreciation on right–of–use assets,depreciation_rou_assets,94.3,"2,706,766","2,365,859"
MCB Limited.pdf,cash_flow,consolidated,Amortization,depreciation_amortisation,100.0,"665,266","766,220"
MCB Limited.pdf,cash_flow,consolidated,Credit loss allowance and write offs – net,credit_loss_allowance,96.7,"(5,066,789)","4,878,210"
MCB Limited.pdf,cash_flow,consolidated,Workers Welfare Fund,workers_welfare_fund,100.0,"2,471,691","2,599,084"
MCB Limited.pdf,cash_flow,consolidated,Finance charges on lease liability against right–of–use assets,lease_liabilities,88.4,"2,368,490","1,959,921"
MCB Limited.pdf,cash_flow,consolidated,Reversal for defined benefit plan – net,employee_benefits,87.1,"(839,244)","(501,969)"
MCB Limited.pdf,cash_flow,consolidated,Gain on termination of lease liability against right–of–use assets,lease_liabilities,87.3,"(82,102)","(86,514)"
MCB Limited.pdf,cash_flow,consolidated,Lendings to financial institutions,lendings_to_financial_institutions,100.0,"(41,387,308)","32,057,874"
MCB Limited.pdf,cash_flow,consolidated,Advances,prepayments,82.7,"349,100,781","(525,532,657)"
MCB Limited.pdf,cash_flow,consolidated,Bills payable,bills_payable,100.0,"(22,289,381)","26,150,567"
MCB Limited.pdf,cash_flow,consolidated,Borrowings from financial institutions,borrowings_from_fis,100.0,"157,191,166","92,851,227"
MCB Limited.pdf,cash_flow,consolidated,Mark–up / interest received,interest_income_received,90.9,"313,052,207","424,399,489"
MCB Limited.pdf,cash_flow,consolidated,Defined benefits paid,employee_benefits,90.5,"(269,383)","(371,278)"
MCB Limited.pdf,cash_flow,consolidated,Income tax paid,taxes_paid,100.0,"(77,934,645)","(83,897,007)"
MCB Limited.pdf,cash_flow,consolidated,Net cash flow from / (used in) operating activities,net_cash_from_operations,93.3,"828,127,454","(81,259,988)"
MCB Limited.pdf,cash_flow,consolidated,Dividends received,dividend_income,100.0,"4,721,616","3,157,361"
MCB Limited.pdf,cash_flow,consolidated,Investments in property and equipment,depreciation_amortisation,79.0,"(13,459,479)","(11,907,944)"
MCB Limited.pdf,cash_flow,consolidated,Investments in intangible assets,intangible_assets,87.8,"(1,470,458)","(1,555,297)"
MCB Limited.pdf,cash_flow,consolidated,Disposals of property and equipment,proceeds_disposal_fixed_assets,91.9,"2,059,203","361,180"
MCB Limited.pdf,cash_flow,consolidated,Net investment in associates,investment_in_associates,96.9,"51,861","(88,050)"
MCB Limited.pdf,cash_flow,consolidated,Net cash flow (used in) / from investing activities,cash_from_investing,82.8,"(742,762,014)","111,960,700"
MCB Limited.pdf,cash_flow,consolidated,Dividend paid,dividend_paid,100.0,"(42,393,173)","(42,415,715)"
MCB Limited.pdf,cash_flow,consolidated,Payment of lease liability against right–of–use–assets,lease_liabilities,88.8,"(4,157,320)","(3,457,629)"
MCB Limited.pdf,cash_flow,consolidated,Net cash flow used in financing activities,cash_from_financing,90.6,"(46,550,493)","(45,873,344)"
MCB Limited.pdf,cash_flow,consolidated,Effects of credit loss allowance changes on cash and cash equivalents,cash_and_bank,81.3,"(40,173)","54,854"
MCB Limited.pdf,cash_flow,consolidated,Increase / (decrease) in cash and cash equivalents,net_change_in_cash,94.3,"38,774,774","(15,117,778)"
MCB Limited.pdf,cash_flow,consolidated,Cash and cash equivalents at beginning of the year,cash_at_beginning,100.0,"211,371,537","227,436,013"
MCB Limited.pdf,cash_flow,consolidated,Effects of exchange rate changes on cash and cash equivalents,foreign_exchange_difference,85.0,"498,728","(403,227)"
MCB Limited.pdf,cash_flow,consolidated,Opening expected credit loss allowance on cash and cash equivalents,cash_and_bank,81.7,"(582,389)","(627,132)"
MCB Limited.pdf,cash_flow,consolidated,Cash and cash equivalents at end of the year,cash_and_equivalents_at_end,100.0,"250,062,650","211,287,876"
MCB Limited.pdf,profit_and_loss,consolidated,Net mark–up / interest income,net_markup_income,94.1,"161,203,074","167,947,353"
MCB Limited.pdf,profit_and_loss,consolidated,Fee and commission income,fee_and_commission_income,100.0,"24,347,202","24,784,627"
MCB Limited.pdf,profit_and_loss,consolidated,Dividend income,dividend_income,100.0,"4,449,984","2,929,796"
MCB Limited.pdf,profit_and_loss,consolidated,Foreign exchange income,foreign_exchange_difference,80.1,"10,856,153","9,613,683"
MCB Limited.pdf,profit_and_loss,consolidated,Other income,other_income,100.0,"557,682","443,544"
MCB Limited.pdf,profit_and_loss,consolidated,Total non–markup / interest income,net_markup_income,83.6,"41,403,008","41,240,187"
MCB Limited.pdf,profit_and_loss,consolidated,Operating expenses,other_operating_expenses,94.3,"82,413,997","72,527,182"
MCB Limited.pdf,profit_and_loss,consolidated,Workers Welfare Fund,workers_welfare_fund,100.0,"2,471,691","2,599,084"
MCB Limited.pdf,profit_and_loss,consolidated,Share of profit of associates,share_of_profit_of_associates,100.0,"2,826,590","2,441,139"
MCB Limited.pdf,profit_and_loss,consolidated,Credit loss allowance and write offs – net,credit_loss_allowance,96.7,"(5,066,789)","4,878,210"
MCB Limited.pdf,profit_and_loss,consolidated,PROFIT BEFORE TAXATION,profit_before_tax,100.0,"125,118,917","131,177,019"
MCB Limited.pdf,profit_and_loss,consolidated,Taxation,income_tax_expense,100.0,"66,343,509","67,711,345"
MCB Limited.pdf,profit_and_loss,consolidated,PROFIT AFTER TAXATION,profit_for_the_year,100.0,"58,775,408","63,465,674"
MCB Limited.pdf,profit_and_loss,consolidated,Non–controlling interest,non_controlling_interest,100.0,"360,352","240,616"
MCB Limited.pdf,profit_and_loss,consolidated,Profit after taxation for the year,profit_for_the_year,90.5,"58,775,408","63,465,674"
MCB Limited.pdf,profit_and_loss,consolidated,Non–controlling interest,non_controlling_interest,100.0,(8),
MCB Limited.pdf,profit_and_loss,consolidated,Total comprehensive income,total_comprehensive_income,100.0,"90,952,826","93,469,475"
MCB Limited.pdf,profit_and_loss,consolidated,Non–controlling interest,non_controlling_interest,100.0,"360,356","240,608"
Mughal Iron and Steel.pdf,balance_sheet,consolidated,"Property, plant and equipment",property_plant_equipment,97.2,"26,645,915,813","23,969,741,890"
Mughal Iron and Steel.pdf,balance_sheet,consolidated,Long-term investment,long_term_investment,95.0,-,"50,119,465"
Mughal Iron and Steel.pdf,balance_sheet,consolidated,Long-term loans,long_term_loans,93.3,"52,252,447","57,056,557"
Mughal Iron and Steel.pdf,balance_sheet,consolidated,Long-term deposits,long_term_deposits_asset,94.4,"2,925,569","2,925,569"
Mughal Iron and Steel.pdf,balance_sheet,consolidated,Inventories,inventories,100.0,"15,616,656,225","26,075,368,171"
Mughal Iron and Steel.pdf,balance_sheet,consolidated,Trade debts,trade_receivables,100.0,"15,231,833,733","10,805,747,538"
Mughal Iron and Steel.pdf,balance_sheet,consolidated,Loans and advances,loans_and_advances,100.0,"246,534,884","172,317,509"
Mughal Iron and Steel.pdf,balance_sheet,consolidated,"Deposits, prepayments and other receivables",other_receivables,82.7,"461,136,265","454,617,197"
Mughal Iron and Steel.pdf,balance_sheet,consolidated,Due from the government,tax_refund_due_from_government,82.4,"7,486,813,380","4,822,537,243"
Mughal Iron and Steel.pdf,balance_sheet,consolidated,Short-term investment and other financial assets,short_term_investment_made,80.1,"238,625,512","407,885,967"
Mughal Iron and Steel.pdf,balance_sheet,consolidated,Cash and bank balances,cash_and_bank,100.0,"3,106,539,505","3,365,879,773"
Mughal Iron and Steel.pdf,balance_sheet,consolidated,TOTAL ASSETS,total_assets,100.0,"69,089,233,333","70,184,196,879"
Mughal Iron and Steel.pdf,balance_sheet,consolidated,"Issued, subscribed and paid-up capital",share_capital,97.8,"3,686,963,800","3,356,339,330"
Mughal Iron and Steel.pdf,balance_sheet,consolidated,Capital reserves,reserves,100.0,"4,447,578,494","3,304,952,020"
Mughal Iron and Steel.pdf,balance_sheet,consolidated,"Revaluation surplus on property, plant and equipment",surplus_on_revaluation,84.8,"3,899,891,432","3,740,482,178"
Mughal Iron and Steel.pdf,balance_sheet,consolidated,Un-appropriated profits,unappropriated_profit,95.3,"16,568,529,321","15,628,729,508"
Mughal Iron and Steel.pdf,balance_sheet,consolidated,Equity attributable to equity holders of the holding company,equity_attributable_to_parent,100.0,"28,602,963,047","26,030,503,036"
Mughal Iron and Steel.pdf,balance_sheet,consolidated,Non-controlling interest,non_controlling_interest,100.0,"321,104,240","323,093,380"
Mughal Iron and Steel.pdf,balance_sheet,consolidated,Long-term financing - secured,long_term_borrowings,80.2,"4,813,429,321","2,841,956,188"
Mughal Iron and Steel.pdf,balance_sheet,consolidated,Deferred taxation,deferred_tax_liabilities,100.0,"2,450,607,985","2,013,705,826"
Mughal Iron and Steel.pdf,balance_sheet,consolidated,Defined benefit obligation,employee_benefits,86.4,"956,105,853","768,993,162"
Mughal Iron and Steel.pdf,balance_sheet,consolidated,Deferred liabilities,deferred_tax_liabilities,84.4,"77,486,288","82,101,274"
Mughal Iron and Steel.pdf,balance_sheet,consolidated,Trade and other payables,trade_payables,100.0,"6,922,946,600","4,352,181,446"
Mughal Iron and Steel.pdf,balance_sheet,consolidated,Unclaimed dividends,unclaimed_dividend,98.9,"2,954,068","2,954,068"
Mughal Iron and Steel.pdf,balance_sheet,consolidated,Unpaid dividends,unpaid_dividend,98.7,"7,847,407","8,019,268"
Mughal Iron and Steel.pdf,balance_sheet,consolidated,Short-term borrowings,short_term_borrowings,95.2,"22,884,735,854","27,992,424,673"
Mughal Iron and Steel.pdf,balance_sheet,consolidated,Current portion of long-term financing,current_maturity_long_term_debt,97.4,"1,166,803,643","4,157,720,930"
Mughal Iron and Steel.pdf,balance_sheet,consolidated,Current portion of deferred grant,employee_benefits,85.9,"3,039,286","6,280,506"
Mughal Iron and Steel.pdf,balance_sheet,consolidated,TOTAL EQUITY AND LIABILITIES,total_equity_and_liabilities,100.0,"69,089,233,333","70,184,196,879"
Mughal Iron and Steel.pdf,cash_flow,consolidated,Cash generated from operations,cash_generated_from_operations,100.0,"15,507,004,823","4,465,302,178"
Mughal Iron and Steel.pdf,cash_flow,consolidated,Defined benefits paid,employee_benefits,90.5,"(51,983,214)","(45,958,184)"
Mughal Iron and Steel.pdf,cash_flow,consolidated,Workers’ profit participation fund paid,workers_profit_participation_fund,97.3,"(42,186,946)","(282,106,255)"
Mughal Iron and Steel.pdf,cash_flow,consolidated,Workers’ welfare fund paid,workers_welfare_fund,95.7,"(14,173,933)","(88,701,984)"
Mughal Iron and Steel.pdf,cash_flow,consolidated,Taxes and levies paid,taxes_paid,100.0,"(1,787,141,307)","(948,183,982)"
Mughal Iron and Steel.pdf,cash_flow,consolidated,Net cash generated from operating activities,net_cash_from_operations,100.0,"13,614,747,343","3,112,560,083"
Mughal Iron and Steel.pdf,cash_flow,consolidated,"Payments for acquisition of property, plant and equipment",capital_expenditure,98.6,"(3,310,146,953)","(1,508,699,665)"
Mughal Iron and Steel.pdf,cash_flow,consolidated,Proceeds from disposal of tangible fixed assets,proceeds_disposal_fixed_assets,87.7,"69,086,190","21,515,400"
Mughal Iron and Steel.pdf,cash_flow,consolidated,Payments for acquisition of subsidiary company,acquisition_of_subsidiary,88.2,,-
Mughal Iron and Steel.pdf,cash_flow,consolidated,Profit received on short-term deposit receipts,short_term_deposits,80.2,"4,850,296","63,566,199"
Mughal Iron and Steel.pdf,cash_flow,consolidated,Net cash used in investing activities,cash_from_investing,100.0,"(3,344,141,447)","(4,561,837,677)"
Mughal Iron and Steel.pdf,cash_flow,consolidated,Net repayment / proceeds from short-term borrowings,short_term_borrowings,79.4,"(4,937,431,614)","6,826,824,847"
Mughal Iron and Steel.pdf,cash_flow,consolidated,subsidiary company to non-controlling interest - net,non_controlling_interest,85.3,-,"310,475,179"
Mughal Iron and Steel.pdf,cash_flow,consolidated,Finance cost paid,finance_cost_paid,100.0,"(6,097,920,014)","(5,822,523,462)"
Mughal Iron and Steel.pdf,cash_flow,consolidated,Dividends paid,dividend_paid,93.9,"(171,861)","(1,072,118,120)"
Mughal Iron and Steel.pdf,cash_flow,consolidated,Net cash used in / generated from financing activities,cash_from_financing,90.9,"(10,700,471,730)","2,108,743,435"
Mughal Iron and Steel.pdf,cash_flow,consolidated,NET DECREASE / INCREASE IN CASH AND CASH EQUIVALENTS,net_change_in_cash,93.0,"(429,865,834)","659,465,841"
Mughal Iron and Steel.pdf,cash_flow,consolidated,CASH AND CASH EQUIVALENTS AT THE BEGINNING OF THE YEAR,cash_at_beginning,100.0,"3,603,212,207","2,885,126,870"
Mughal Iron and Steel.pdf,cash_flow,consolidated,CASH AND CASH EQUIVALENTS ACQUIRED OF SUBSIDIARY COMPANY,cash_and_bank,84.7,-,"57,825,634"
Mughal Iron and Steel.pdf,cash_flow,consolidated,CASH AND CASH EQUIVALENTS AT THE END OF THE YEAR,cash_and_equivalents_at_end,100.0,"3,175,913,598","3,603,212,207"
Mughal Iron and Steel.pdf,profit_and_loss,consolidated,Sales tax,sales_tax_payable,87.7,"(13,233,604,654)","(13,022,787,650)"
Mughal Iron and Steel.pdf,profit_and_loss,consolidated,Net sales before commission,revenue,80.0,"89,045,507,362","91,797,890,031"
Mughal Iron and Steel.pdf,profit_and_loss,consolidated,Commission,fee_and_commission_income,82.9,"(66,039,032)","(37,027,059)"
Mughal Iron and Steel.pdf,profit_and_loss,consolidated,Net sales,revenue,100.0,"88,979,468,330","91,760,862,972"
Mughal Iron and Steel.pdf,profit_and_loss,consolidated,Cost of sales,cost_of_sales,100.0,"33. (80,887,405,032)","(84,089,475,171)"
Mughal Iron and Steel.pdf,profit_and_loss,consolidated,GROSS PROFIT,gross_profit,100.0,"8,092,063,298","7,671,387,801"
Mughal Iron and Steel.pdf,profit_and_loss,consolidated,Administrative expenses,administrative_expenses,100.0,"(929,613,884)","(863,172,577)"
Mughal Iron and Steel.pdf,profit_and_loss,consolidated,Other income,other_income,100.0,"84,855,450","306,084,800"
Mughal Iron and Steel.pdf,profit_and_loss,consolidated,Finance cost,finance_cost,100.0,"(5,648,022,831)","(6,354,925,564)"
Mughal Iron and Steel.pdf,profit_and_loss,consolidated,PROFIT BEFORE LEVIES AND TAXATION,profit_before_tax,78.7,"1,243,973,832","526,466,274"
Mughal Iron and Steel.pdf,profit_and_loss,consolidated,Levies,levies,100.0,"482,232,687","(708,696,648)"
Mughal Iron and Steel.pdf,profit_and_loss,consolidated,PROFIT / LOSS BEFORE TAXATION,profit_before_tax,85.0,"1,726,206,519","(182,230,374)"
Mughal Iron and Steel.pdf,profit_and_loss,consolidated,Taxation,income_tax_expense,100.0,"(873,981,826)","2,089,749,712"
Mughal Iron and Steel.pdf,profit_and_loss,consolidated,PROFIT FOR THE YEAR,profit_for_the_year,100.0,"852,224,693","1,907,519,338"
Mughal Iron and Steel.pdf,profit_and_loss,consolidated,Equity holders of the holding company,equity_attributable_to_parent,90.5,"854,213,833","1,907,569,751"
Mughal Iron and Steel.pdf,profit_and_loss,consolidated,Non-controlling interest,non_controlling_interest,100.0,"(1,989,140)","(50,413)"
Mughal Iron and Steel.pdf,profit_and_loss,consolidated,EARNINGS PER SHARE - BASIC AND DILUTED,eps,85.7,2.50,5.68
Mughal Iron and Steel.pdf,profit_and_loss,consolidated,PROFIT FOR THE YEAR,profit_for_the_year,100.0,"852,224,693","1,907,519,338"
Mughal Iron and Steel.pdf,profit_and_loss,consolidated,TOTAL COMPREHENSIVE INCOME FOR THE YEAR,total_comprehensive_income,92.0,"863,499,662","1,911,842,659"
Mughal Iron and Steel.pdf,profit_and_loss,consolidated,Equity holders of the holding company,equity_attributable_to_parent,90.5,"865,488,802","1,911,893,072"
Mughal Iron and Steel.pdf,profit_and_loss,consolidated,Non-controlling interest,non_controlling_interest,100.0,"(1,989,140)","(50,413)"
NETSOL ANNUAL 2025.pdf,balance_sheet,consolidated,Property and equipment,depreciation_amortisation,89.3,"1,227,112","1,221,182"
NETSOL ANNUAL 2025.pdf,balance_sheet,consolidated,Intangible assets,intangible_assets,100.0,-,-
NETSOL ANNUAL 2025.pdf,balance_sheet,consolidated,Long term contract assets,contract_assets,100.0,"143,058","52,637"
NETSOL ANNUAL 2025.pdf,balance_sheet,consolidated,Long term loans to employees,long_term_loans,87.9,"8,590","22,860"
NETSOL ANNUAL 2025.pdf,balance_sheet,consolidated,Trade debts,trade_receivables,100.0,"5,869,134","5,326,984"
NETSOL ANNUAL 2025.pdf,balance_sheet,consolidated,Contract assets,contract_assets,100.0,"2,542,057","1,787,247"
NETSOL ANNUAL 2025.pdf,balance_sheet,consolidated,Loans and advances,loans_and_advances,100.0,"42,111","118,428"
NETSOL ANNUAL 2025.pdf,balance_sheet,consolidated,Deposits and short term prepayments,prepayments,90.9,"229,351","116,701"
NETSOL ANNUAL 2025.pdf,balance_sheet,consolidated,Other receivables,other_receivables,100.0,"127,131","54,026"
NETSOL ANNUAL 2025.pdf,balance_sheet,consolidated,Due from related parties,due_from_related_parties,100.0,"187,791","514,396"
NETSOL ANNUAL 2025.pdf,balance_sheet,consolidated,Prepaid tax asset,deferred_tax_assets,81.7,"19,668","35,730"
NETSOL ANNUAL 2025.pdf,balance_sheet,consolidated,Short term investment,short_term_investments,99.1,"200,000",-
NETSOL ANNUAL 2025.pdf,balance_sheet,consolidated,Cash and bank balances,cash_and_bank,100.0,"3,767,897","4,669,162"
NETSOL ANNUAL 2025.pdf,balance_sheet,consolidated,TOTAL ASSETS,total_assets,100.0,"14,363,900","13,919,353"
NETSOL ANNUAL 2025.pdf,balance_sheet,consolidated,"Issued, subscribed and paid up capital",share_capital,97.8,"898,369","898,369"
NETSOL ANNUAL 2025.pdf,balance_sheet,consolidated,Reserves,reserves,100.0,"9,922,818","9,208,065"
NETSOL ANNUAL 2025.pdf,balance_sheet,consolidated,Long term fi nancing,long_term_borrowings,88.5,"13,343","2,696"
NETSOL ANNUAL 2025.pdf,balance_sheet,consolidated,Lease liabilities,lease_liabilities,100.0,-,-
NETSOL ANNUAL 2025.pdf,balance_sheet,consolidated,Long term advances,long_term_advances_deposits,89.4,"5,415","1,995"
NETSOL ANNUAL 2025.pdf,balance_sheet,consolidated,Trade and other payables,trade_payables,100.0,"1,173,792","763,340"
NETSOL ANNUAL 2025.pdf,balance_sheet,consolidated,Contract liabilities,contract_liabilities,100.0,"153,329","1,446,955"
NETSOL ANNUAL 2025.pdf,balance_sheet,consolidated,Short term borrowings,short_term_borrowings,100.0,"2,180,000","1,580,000"
NETSOL ANNUAL 2025.pdf,balance_sheet,consolidated,Current portion of non current liabilities,current_portion_non_current_liabilities,97.6,"8,428","14,096"
NETSOL ANNUAL 2025.pdf,balance_sheet,consolidated,Unclaimed dividends,unclaimed_dividend,98.9,"4,538","3,824"
NETSOL ANNUAL 2025.pdf,balance_sheet,consolidated,CONTINGENCIES AND COMMITMENTS,contingencies_and_commitments,100.0,-,-
NETSOL ANNUAL 2025.pdf,balance_sheet,consolidated,TOTAL EQUITY AND LIABILITIES,total_equity_and_liabilities,100.0,"14,363,900","13,919,353"
NETSOL ANNUAL 2025.pdf,cash_flow,consolidated,Depreciation - own assets,depreciation_amortisation,78.0,"316,708","344,297"
NETSOL ANNUAL 2025.pdf,cash_flow,consolidated,Depreciation of right of use assets,depreciation_rou_assets,100.0,607,"2,246"
NETSOL ANNUAL 2025.pdf,cash_flow,consolidated,Amortization of intangible assets,amortisation_intangibles,100.0,-,"40,386"
NETSOL ANNUAL 2025.pdf,cash_flow,consolidated,(Gain) on disposal of property and equipment,proceeds_disposal_fixed_assets,85.5,"(12,542)","(28,739)"
NETSOL ANNUAL 2025.pdf,cash_flow,consolidated,Finance cost,finance_cost,100.0,"223,287","309,977"
NETSOL ANNUAL 2025.pdf,cash_flow,consolidated,Interest income,interest_income_received,90.8,"(498,252)","(514,589)"
NETSOL ANNUAL 2025.pdf,cash_flow,consolidated,Operating profi t before working capital changes,profit_from_operations,78.1,"1,719,954","1,816,772"
NETSOL ANNUAL 2025.pdf,cash_flow,consolidated,Trade debts,trade_receivables,100.0,"(358,278)","177,722"
NETSOL ANNUAL 2025.pdf,cash_flow,consolidated,Contract assets,contract_assets,100.0,"(1,041,379)","49,892"
NETSOL ANNUAL 2025.pdf,cash_flow,consolidated,Loans and advances,loans_and_advances,100.0,"90,587","(72,047)"
NETSOL ANNUAL 2025.pdf,cash_flow,consolidated,Deposits and short term prepayments,prepayments,90.9,"(112,650)","12,019"
NETSOL ANNUAL 2025.pdf,cash_flow,consolidated,Other receivables,other_receivables,100.0,"(73,105)","(27,917)"
NETSOL ANNUAL 2025.pdf,cash_flow,consolidated,Due from related parties,due_from_related_parties,100.0,"325,113","(47,939)"
NETSOL ANNUAL 2025.pdf,cash_flow,consolidated,Trade and other payables,trade_payables,100.0,"405,339","(39,676)"
NETSOL ANNUAL 2025.pdf,cash_flow,consolidated,Contract liabilities,contract_liabilities,100.0,"(1,294,916)","322,301"
NETSOL ANNUAL 2025.pdf,cash_flow,consolidated,Cash (Used in) / Generated from Operations,cash_generated_from_operations,89.0,"(2,059,289)","374,355"
NETSOL ANNUAL 2025.pdf,cash_flow,consolidated,Dividend paid,dividend_paid,100.0,"(262,797)",(30)
NETSOL ANNUAL 2025.pdf,cash_flow,consolidated,Net Cash (Used in) / Generated from Operating Activities,net_cash_from_operations,89.5,"(873,108)","1,988,254"
NETSOL ANNUAL 2025.pdf,cash_flow,consolidated,Payment for acquisition of property and equipment,capital_expenditure,89.3,"(276,113)","(119,683)"
NETSOL ANNUAL 2025.pdf,cash_flow,consolidated,Proceeds from disposal of property and equipment,proceeds_disposal_fixed_assets,100.0,"15,808","105,304"
NETSOL ANNUAL 2025.pdf,cash_flow,consolidated,Capital Work in Progress,capital_work_in_progress,100.0,"(50,398)","(3,134)"
NETSOL ANNUAL 2025.pdf,cash_flow,consolidated,Short term investments,short_term_investments,100.0,"(200,000)",-
NETSOL ANNUAL 2025.pdf,cash_flow,consolidated,Interest received,interest_income_received,100.0,"498,252","514,589"
NETSOL ANNUAL 2025.pdf,cash_flow,consolidated,Net Cash (Used in) / Generated from Investing Activities,cash_from_investing,89.5,,"497,076"
NETSOL ANNUAL 2025.pdf,cash_flow,consolidated,Repayment of lease liabilities,lease_liabilities,88.9,"(1,017)","(4,280)"
NETSOL ANNUAL 2025.pdf,cash_flow,consolidated,Repayment of long term loan - net,repayment_long_term_financing,82.8,"4,075","(90,955)"
NETSOL ANNUAL 2025.pdf,cash_flow,consolidated,Short term borrowing - net,short_term_borrowings,92.6,"391,315","(338,924)"
NETSOL ANNUAL 2025.pdf,cash_flow,consolidated,Long term advances - net,long_term_advances_deposits,85.3,"3,420","(14,680)"
NETSOL ANNUAL 2025.pdf,cash_flow,consolidated,Net Cash (Used in) Financing Activities,cash_from_financing,95.7,"(18,340)","(448,839)"
NETSOL ANNUAL 2025.pdf,cash_flow,consolidated,Net (Decrease) / Increase in Cash and Cash Equivalents,net_change_in_cash,92.2,"(903,899)","2,036,491"
NETSOL ANNUAL 2025.pdf,cash_flow,consolidated,Net foreign exchange difference,foreign_exchange_difference,99.4,"2,634",(395)
NETSOL ANNUAL 2025.pdf,cash_flow,consolidated,Cash and cash equivalents at the beginning of year,cash_at_beginning,96.0,"4,669,162","2,633,066"
NETSOL ANNUAL 2025.pdf,cash_flow,consolidated,Cash and Cash Equivalents at the End of the Year,cash_and_equivalents_at_end,100.0,"3,767,897","4,669,162"
NETSOL ANNUAL 2025.pdf,profit_and_loss,consolidated,Revenue from contracts with customers - net,revenue,97.0,"9,905,419","9,579,636"
NETSOL ANNUAL 2025.pdf,profit_and_loss,consolidated,Cost of revenue,revenue,85.5,"(5,551,304)","(5,393,989)"
NETSOL ANNUAL 2025.pdf,profit_and_loss,consolidated,Gross profi t,gross_profit,95.8,"4,354,115","4,185,647"
NETSOL ANNUAL 2025.pdf,profit_and_loss,consolidated,Selling and promotional expenses,distribution_costs,78.9,"(1,147,274)","(957,063)"
NETSOL ANNUAL 2025.pdf,profit_and_loss,consolidated,Administrative expenses,administrative_expenses,100.0,"(1,459,594)","(1,440,338)"
NETSOL ANNUAL 2025.pdf,profit_and_loss,consolidated,Operating Profi t,profit_from_operations,96.9,"1,747,247","1,788,246"
NETSOL ANNUAL 2025.pdf,profit_and_loss,consolidated,Other operating expenses,other_operating_expenses,100.0,"(674,462)","(694,632)"
NETSOL ANNUAL 2025.pdf,profit_and_loss,consolidated,Finance cost,finance_cost,100.0,"(228,421)","(315,048)"
NETSOL ANNUAL 2025.pdf,profit_and_loss,consolidated,Other income,other_income,100.0,"827,933","597,988"
NETSOL ANNUAL 2025.pdf,profit_and_loss,consolidated,Profi t before Final Taxes and Income Tax,profit_before_tax,79.5,"1,672,297","1,376,554"
NETSOL ANNUAL 2025.pdf,profit_and_loss,consolidated,Final tax / levies,levies,83.9,"(287,032)","(173,501)"
NETSOL ANNUAL 2025.pdf,profit_and_loss,consolidated,Profi t before Income Tax,profit_before_tax,96.7,"1,385,265","1,203,053"
NETSOL ANNUAL 2025.pdf,profit_and_loss,consolidated,Net Profi t for the Year,profit_for_the_year,92.2,"1,385,265","1,203,053"
Nishat.pdf,balance_sheet,consolidated,"Issued, subscribed and paid-up share capital",share_capital,89.5,"3,515,999","3,515,999"
Nishat.pdf,balance_sheet,consolidated,Reserves,reserves,100.0,"153,017,700","138,353,201"
Nishat.pdf,balance_sheet,consolidated,Equity attributable to equity holders of the Holding Company,equity_attributable_to_parent,100.0,"156,533,699","141,869,200"
Nishat.pdf,balance_sheet,consolidated,Non-controlling interest,non_controlling_interest,100.0,"13,704,614","15,978,611"
Nishat.pdf,balance_sheet,consolidated,Total equity,total_equity,100.0,"170,238,313","157,847,811"
Nishat.pdf,balance_sheet,consolidated,Long term financing,long_term_borrowings,91.1,"25,376,756","23,682,746"
Nishat.pdf,balance_sheet,consolidated,Lease liabilities,lease_liabilities,100.0,"2,237,585","1,583,612"
Nishat.pdf,balance_sheet,consolidated,Security deposits,security_deposits,100.0,"357,660","288,360"
Nishat.pdf,balance_sheet,consolidated,Retirement benefit obligation,employee_benefits,88.4,"70,107","61,630"
Nishat.pdf,balance_sheet,consolidated,Deferred liabilities,deferred_tax_liabilities,84.4,"10,314,427","6,900,539"
Nishat.pdf,balance_sheet,consolidated,Trade and other payables,trade_payables,100.0,"20,439,377","19,827,841"
Nishat.pdf,balance_sheet,consolidated,Accrued mark-up,accrued_markup,100.0,"1,135,594","1,529,600"
Nishat.pdf,balance_sheet,consolidated,Short term borrowings,short_term_borrowings,100.0,"61,794,524","53,676,569"
Nishat.pdf,balance_sheet,consolidated,Current portion of non-current liabilities,current_portion_non_current_liabilities,100.0,"5,891,372","5,399,404"
Nishat.pdf,balance_sheet,consolidated,Unclaimed dividend,unclaimed_dividend,100.0,"148,922","142,551"
Nishat.pdf,balance_sheet,consolidated,Provision for taxation and levy - net,provision_for_taxation,89.8,"2,264,240","2,765,693"
Nishat.pdf,balance_sheet,consolidated,TOTAL LIABILITIES,total_liabilities,100.0,"130,030,564","115,858,545"
Nishat.pdf,balance_sheet,consolidated,TOTAL EQUITY AND LIABILITIES,total_equity_and_liabilities,100.0,"300,268,877","273,706,356"
Nishat.pdf,balance_sheet,consolidated,"Property, plant and equipment",property_plant_equipment,97.2,"75,599,389","71,700,074"
Nishat.pdf,balance_sheet,consolidated,Intangible assets,intangible_assets,100.0,"677,647","677,647"
Nishat.pdf,balance_sheet,consolidated,Right-of-use assets,right_of_use_assets,100.0,"3,018,360","2,069,327"
Nishat.pdf,balance_sheet,consolidated,Long term investments,long_term_investment,100.0,"85,408,552","70,842,826"
Nishat.pdf,balance_sheet,consolidated,Long term loans,long_term_loans,100.0,"596,780","484,723"
Nishat.pdf,balance_sheet,consolidated,Long term deposits,long_term_deposits_asset,100.0,"623,200","625,535"
Nishat.pdf,balance_sheet,consolidated,"Stores, spare parts and loose tools",stores_spares_loose_tools,88.3,"7,680,677","7,003,908"
Nishat.pdf,balance_sheet,consolidated,Stock-in-trade,inventories,85.7,"65,630,926","51,724,654"
Nishat.pdf,balance_sheet,consolidated,Trade debts,trade_receivables,100.0,"28,277,755","38,376,196"
Nishat.pdf,balance_sheet,consolidated,Loans and advances,loans_and_advances,100.0,"1,030,627","816,688"
Nishat.pdf,balance_sheet,consolidated,Short term deposits and prepayments,short_term_deposits,88.1,"755,392","818,434"
Nishat.pdf,balance_sheet,consolidated,Other receivables,other_receivables,100.0,"9,707,042","13,079,543"
Nishat.pdf,balance_sheet,consolidated,Accrued interest,accrued_markup,89.1,"5,174","40,879"
Nishat.pdf,balance_sheet,consolidated,Short term investments,short_term_investments,100.0,"18,106,520","4,264,954"
Nishat.pdf,balance_sheet,consolidated,Cash and bank balances,cash_and_bank,100.0,"3,150,836","11,180,968"
Nishat.pdf,balance_sheet,consolidated,TOTAL ASSETS,total_assets,100.0,"300,268,877","273,706,356"
Nishat.pdf,cash_flow,consolidated,Cash generated from operations,cash_generated_from_operations,100.0,"16,201,079","18,044,299"
Nishat.pdf,cash_flow,consolidated,Finance cost paid,finance_cost_paid,100.0,"(9,420,468)","(11,370,533)"
Nishat.pdf,cash_flow,consolidated,Income tax paid,taxes_paid,100.0,"(4,686,433)","(2,948,434)"
Nishat.pdf,cash_flow,consolidated,Long term security deposits - net,security_deposits,87.2,"69,300","22,750"
Nishat.pdf,cash_flow,consolidated,Net increase in retirement benefit obligation,employee_benefits,79.3,"7,600","5,621"
Nishat.pdf,cash_flow,consolidated,Net increase in long term loans,long_term_loans,86.1,"(123,959)","(98,638)"
Nishat.pdf,cash_flow,consolidated,Net increase in long term deposits,long_term_deposits,87.7,"57,335","(425,581)"
Nishat.pdf,cash_flow,consolidated,Net cash generated from operating activities,net_cash_from_operations,100.0,"2,325,673","3,534,479"
Nishat.pdf,cash_flow,consolidated,"Proceeds from sale of property, plant and equipment",proceeds_disposal_fixed_assets,84.7,"278,088","232,437"
Nishat.pdf,cash_flow,consolidated,"Capital expenditure on property, plant and equipment",property_plant_equipment,85.9,"(10,479,854)","(19,915,253)"
Nishat.pdf,cash_flow,consolidated,Dividends received,dividend_income,100.0,"5,225,056","7,361,215"
Nishat.pdf,cash_flow,consolidated,Investments made,short_term_investment_made,86.6,"(76,512,517)","(328,208,509)"
Nishat.pdf,cash_flow,consolidated,Proceeds from sale of investments,investment_bond_proceeds,95.6,"63,495,490","323,234,339"
Nishat.pdf,cash_flow,consolidated,Interest received,interest_income_received,100.0,"351,173","641,287"
Nishat.pdf,cash_flow,consolidated,Net cash used in investing activities,cash_from_investing,100.0,"(15,891,565)","(16,654,484)"
Nishat.pdf,cash_flow,consolidated,Proceeds from long term financing,long_term_borrowings,78.4,"5,000,000","14,640,745"
Nishat.pdf,cash_flow,consolidated,Repayment of long term financing,repayment_long_term_financing,100.0,"(2,906,554)","(2,895,298)"
Nishat.pdf,cash_flow,consolidated,Repayment of lease liabilities,lease_liabilities,88.9,"(1,147,321)","(882,075)"
Nishat.pdf,cash_flow,consolidated,foreign subsidiaries,foreign_exchange_difference,80.8,"66,498","(63,627)"
Nishat.pdf,cash_flow,consolidated,Short term borrowings - net,short_term_borrowings,95.0,"8,117,955","7,429,776"
Nishat.pdf,cash_flow,consolidated,Dividend paid,dividend_paid,100.0,"(2,956,577)","(3,046,943)"
Nishat.pdf,cash_flow,consolidated,Net cash from financing activities,cash_from_financing,89.3,"6,174,001","15,182,578"
Nishat.pdf,cash_flow,consolidated,Net increase in cash and cash equivalents,net_change_in_cash,100.0,"(7,391,891)","2,062,573"
Nishat.pdf,cash_flow,consolidated,Net foreign exchange difference on translating cash and bank balances,foreign_exchange_difference,84.4,"17,557","(41,233)"
Nishat.pdf,cash_flow,consolidated,Cash and cash equivalents at the beginning of the year,cash_at_beginning,100.0,"11,180,968","9,159,628"
Nishat.pdf,cash_flow,consolidated,Cash and cash equivalents of Nishat Hospitality (Private) Limited,cash_and_bank,82.2,"(655,798)",-
Nishat.pdf,cash_flow,consolidated,Cash and cash equivalents at the end of the year,cash_and_equivalents_at_end,100.0,"3,150,836","11,180,968"
Nishat.pdf,profit_and_loss,consolidated,REVENUE,revenue,100.0,"207,175,255","212,511,599"
Nishat.pdf,profit_and_loss,consolidated,COST OF SALES,cost_of_sales,100.0,"(175,013,926)","(178,820,156)"
Nishat.pdf,profit_and_loss,consolidated,GROSS PROFIT,gross_profit,100.0,"32,161,329","33,691,443"
Nishat.pdf,profit_and_loss,consolidated,DISTRIBUTION COST,distribution_costs,100.0,"(14,184,815)","(12,414,491)"
Nishat.pdf,profit_and_loss,consolidated,ADMINISTRATIVE EXPENSES,administrative_expenses,100.0,"(4,627,832)","(4,129,202)"
Nishat.pdf,profit_and_loss,consolidated,OTHER EXPENSES,other_expenses,100.0,"(279,120)","(376,071)"
Nishat.pdf,profit_and_loss,consolidated,OTHER INCOME,other_income,100.0,"9,844,658","6,529,195"
Nishat.pdf,profit_and_loss,consolidated,PROFIT FROM OPERATIONS,profit_from_operations,100.0,"22,914,220","23,300,874"
Nishat.pdf,profit_and_loss,consolidated,FINANCE COST,finance_cost,100.0,"(9,026,462)","(11,058,114)"
Nishat.pdf,profit_and_loss,consolidated,PROFIT BEFORE LEVY AND TAXATION,profit_before_tax,79.9,"11,796,125","15,607,235"
Nishat.pdf,profit_and_loss,consolidated,PROFIT BEFORE TAXATION,profit_before_tax,100.0,"9,444,820","12,765,987"
Nishat.pdf,profit_and_loss,consolidated,TAXATION,income_tax_expense,100.0,"(4,706,378)","(2,257,412)"
Nishat.pdf,profit_and_loss,consolidated,PROFIT AFTER TAXATION,profit_for_the_year,100.0,"4,738,442","10,508,575"
Nishat.pdf,profit_and_loss,consolidated,EQUITY HOLDERS OF HOLDING COMPANY,equity_attributable_to_parent,81.1,"5,104,291","7,868,223"
Nishat.pdf,profit_and_loss,consolidated,NON-CONTROLLING INTEREST,non_controlling_interest,100.0,"(365,849)","2,640,352"
Nishat.pdf,profit_and_loss,consolidated,EARNINGS PER SHARE - BASIC AND DILUTED (RUPEES),eps,82.2,14.51,22.38
Nishat.pdf,profit_and_loss,consolidated,PROFIT AFTER TAXATION,profit_for_the_year,100.0,"4,738,442","10,508,575"
Nishat.pdf,profit_and_loss,consolidated,Remeasurement of retirement benefits of associates - net of tax,employee_benefits,78.5,"32,404","11,212"
Nishat.pdf,profit_and_loss,consolidated,Exchange differences on translating foreign operations,foreign_exchange_difference,93.8,"66,498","(63,627)"
Nishat.pdf,profit_and_loss,consolidated,TOTAL COMPREHENSIVE INCOME FOR THE YEAR,total_comprehensive_income,92.0,"15,353,450","24,740,479"
Nishat.pdf,profit_and_loss,consolidated,EQUITY HOLDERS OF HOLDING COMPANY,equity_attributable_to_parent,81.1,"15,719,299","22,100,127"
Nishat.pdf,profit_and_loss,consolidated,NON-CONTROLLING INTEREST,non_controlling_interest,100.0,"(365,849)","2,640,352"
Quice Foods.pdf,balance_sheet,unknown,"Property, plant and equipment",property_plant_equipment,97.2,"713,976,225","328,594,122"
Quice Foods.pdf,balance_sheet,unknown,Long term deposits,long_term_deposits,100.0,"6,603,800","6,603,800"
Quice Foods.pdf,balance_sheet,unknown,Stores and spares,stores_and_spares,100.0,"57,287,499","50,317,272"
Quice Foods.pdf,balance_sheet,unknown,Stock-in-trade,inventories,85.7,"683,268,262","666,424,912"
Quice Foods.pdf,balance_sheet,unknown,Trade debts,trade_receivables,100.0,"60,123,872","54,647,587"
Quice Foods.pdf,balance_sheet,unknown,"Advances, deposits, prepayments & other receivables",advances_deposits_prepayments,83.6,"147,986,172","147,337,700"
Quice Foods.pdf,balance_sheet,unknown,Taxation - net,taxation_net,100.0,"32,081,512","18,146,998"
Quice Foods.pdf,balance_sheet,unknown,Cash and bank balances,cash_and_bank,100.0,"2,225,266","2,115,761"
Quice Foods.pdf,balance_sheet,unknown,Reserves,reserves,100.0,"(297,778,355)","(282,573,536)"
Quice Foods.pdf,balance_sheet,unknown,"Surplus on revaluation of property, plant and equipment",surplus_on_revaluation,98.5,"51,041,317","27,457,615"
Quice Foods.pdf,balance_sheet,unknown,Deferred liabilities,deferred_tax_liabilities,84.4,"26,382,286","12,384,567"
Quice Foods.pdf,balance_sheet,unknown,Security deposit payables,security_deposits,90.6,"249,750,000","144,500,000"
Quice Foods.pdf,balance_sheet,unknown,Trade and other payables,trade_payables,100.0,"972,327,636","670,589,782"
Quice Foods.pdf,balance_sheet,unknown,CONTINGENCIES AND COMMITMENTS,contingencies_and_commitments,100.0,-,-
Quice Foods.pdf,cash_flow,unknown,LOSS BEFORE TAXATION,profit_before_tax,85.7,"(11,730,559)","(27,144,988)"
Quice Foods.pdf,cash_flow,unknown,Depreciation,depreciation_amortisation,90.0,"36,614,418","29,145,813"
Quice Foods.pdf,cash_flow,unknown,Levies,levies,100.0,"12,823,771","8,110,481"
Quice Foods.pdf,cash_flow,unknown,Provision for gratuity,provision_for_taxation,79.6,"4,739,919","3,773,029"
Quice Foods.pdf,cash_flow,unknown,Provision for slow moving items,reversal_provision_stock_in_trade,80.2,"29,990,286","24,996,745"
Quice Foods.pdf,cash_flow,unknown,Stores and spares,stores_and_spares,100.0,"(6,970,227)","3,822,769"
Quice Foods.pdf,cash_flow,unknown,Stock-in-trade,inventories,85.7,"(46,833,636)","151,685,145"
Quice Foods.pdf,cash_flow,unknown,Trade debts,trade_receivables,100.0,"(5,476,285)","(883,728)"
Quice Foods.pdf,cash_flow,unknown,"Advances, deposits, prepayments & other receivables",advances_deposits_prepayments,83.6,"(648,472)","(30,617,870)"
Quice Foods.pdf,cash_flow,unknown,Trade and other payables,trade_payables,100.0,"301,737,854","(108,022,490)"
Quice Foods.pdf,cash_flow,unknown,Levies paid,taxes_paid,87.5,"(26,754,365)","(16,056,817)"
Quice Foods.pdf,cash_flow,unknown,Fixed capital expenditure,capital_expenditure,100.0,"(392,717,201)","(35,166,836)"
Quice Foods.pdf,cash_flow,unknown,"Proceeds from sale of property, plant and equipment",proceeds_disposal_fixed_assets,84.7,"1,949,359",
Quice Foods.pdf,cash_flow,unknown,Long term deposits paid,long_term_deposits,95.1,-,"(4,668,510)"
Quice Foods.pdf,cash_flow,unknown,Net cash used in investing activities B,cash_from_investing,98.9,"(390,767,842)","(39,835,346)"
Quice Foods.pdf,cash_flow,unknown,Repayment of long term deposits,long_term_deposits,89.4,"105,250,000",-
Quice Foods.pdf,cash_flow,unknown,Net cash inflows from financing activities C,cash_from_financing,93.0,"105,250,000",-
Quice Foods.pdf,cash_flow,unknown,Net decrease in cash and cash equivalents A + B + C,net_change_in_cash,95.7,"109,505","(1,027,257)"
Quice Foods.pdf,cash_flow,unknown,Cash and cash equivalents at the beginning of the year,cash_at_beginning,100.0,"2,115,761","3,143,018"
Quice Foods.pdf,cash_flow,unknown,Cash and cash equivalents at the end of the year,cash_and_equivalents_at_end,100.0,"2,225,266","2,115,761"
Quice Foods.pdf,profit_and_loss,unknown,SALES,revenue,88.6,"1,094,764,441","903,254,935"
Quice Foods.pdf,profit_and_loss,unknown,Cost of Sales,cost_of_sales,100.0,"(907,765,672)","(777,258,658)"
Quice Foods.pdf,profit_and_loss,unknown,GROSS PROFIT,gross_profit,100.0,"186,998,769","125,996,277"
Quice Foods.pdf,profit_and_loss,unknown,Distribution Cost,distribution_costs,100.0,"(141,519,536)","(108,368,605)"
Quice Foods.pdf,profit_and_loss,unknown,Administrative Expenses,administrative_expenses,100.0,"(48,626,763)","(40,566,291)"
Quice Foods.pdf,profit_and_loss,unknown,Other Operating Expenses,other_operating_expenses,100.0,"(41,133)",-
Quice Foods.pdf,profit_and_loss,unknown,OPERATING LOSS,profit_from_operations,79.3,"(3,188,663)","(22,938,619)"
Quice Foods.pdf,profit_and_loss,unknown,Other Income,other_income,100.0,"4,344,164","4,032,335"
Quice Foods.pdf,profit_and_loss,unknown,Finance Cost,finance_cost,100.0,"(62,289)","(128,223)"
Quice Foods.pdf,profit_and_loss,unknown,Levies,levies,100.0,"(12,823,771)","(8,110,481)"
Quice Foods.pdf,profit_and_loss,unknown,LOSS BEFORE TAXATION,profit_before_tax,85.7,"(11,730,559)","(27,144,988)"
Quice Foods.pdf,profit_and_loss,unknown,Taxation,income_tax_expense,100.0,-,-
Quice Foods.pdf,profit_and_loss,unknown,LOSS AFTER TAXATION,profit_for_the_year,84.9,"(11,730,559)","(27,144,988)"
Quice Foods.pdf,profit_and_loss,unknown,LOSS PER SHARE,eps,80.3,(0.119),(0.276)
SYS.pdf,balance_sheet,consolidated,Property and equipment,depreciation_amortisation,89.3,"4,222,593,228","3,654,816,354"
SYS.pdf,balance_sheet,consolidated,Intangibles,intangible_assets,88.6,"11,991,792,090","9,881,435,504"
SYS.pdf,balance_sheet,consolidated,Long term investments,long_term_investment,100.0,"157,383,405","101,076,560"
SYS.pdf,balance_sheet,consolidated,Investment in associates,investment_in_associates,100.0,"89,359,651","162,194,362"
SYS.pdf,balance_sheet,consolidated,Right-of-use asset,right_of_use_assets,98.9,"1,149,418,066","419,075,401"
SYS.pdf,balance_sheet,consolidated,Long term loans,long_term_loans,100.0,"565,933,316","613,818,425"
SYS.pdf,balance_sheet,consolidated,Deferred employee benefits,employee_benefits,100.0,"156,902,648","203,253,649"
SYS.pdf,balance_sheet,consolidated,Long term receivable,receipts_long_term_receivables,87.6,"244,727,720","569,948,187"
SYS.pdf,balance_sheet,consolidated,Long term deposits,long_term_deposits_asset,100.0,"655,209,757","485,584,447"
SYS.pdf,balance_sheet,consolidated,Contract assets,contract_assets,100.0,"13,979,755,610","9,453,109,283"
SYS.pdf,balance_sheet,consolidated,Trade debts,trade_receivables,100.0,"17,575,804,426","17,570,516,867"
SYS.pdf,balance_sheet,consolidated,Current portion of long term receivable,current_maturity_long_term_debt,86.4,"427,670,427","361,980,429"
SYS.pdf,balance_sheet,consolidated,"Loans, advances and other receivables",other_receivables,85.2,"2,216,118,998","1,295,142,207"
SYS.pdf,balance_sheet,consolidated,Trade deposits and short term prepayments,prepayments,87.9,"2,287,618,430","1,443,037,626"
SYS.pdf,balance_sheet,consolidated,Short term investments,short_term_investments,100.0,"5,441,665,232","2,941,777,167"
SYS.pdf,balance_sheet,consolidated,Income tax refunds due from governments,tax_refund_due_from_government,95.4,"721,298,512","483,693,293"
SYS.pdf,balance_sheet,consolidated,Current portion of deferred employee benefits,employee_benefits,100.0,"89,612,845","86,166,964"
SYS.pdf,balance_sheet,consolidated,Derivative financial instruments,derivative_financial_instruments,100.0,"10,986,607",-
SYS.pdf,balance_sheet,consolidated,Cash and bank balances,cash_and_bank,100.0,"13,504,721,300","7,820,717,667"
SYS.pdf,balance_sheet,consolidated,TOTAL ASSETS,total_assets,100.0,"75,488,572,268","57,547,344,392"
SYS.pdf,balance_sheet,consolidated,"Issued, subscribed and paid up share capital",share_capital,89.5,"2,946,808,869","2,929,861,489"
SYS.pdf,balance_sheet,consolidated,Capital reserves,reserves,100.0,"9,356,084,401","8,668,675,976"
SYS.pdf,balance_sheet,consolidated,Revenue reserve - unappropriated profit,unappropriated_profit,88.0,"36,274,230,894","27,129,935,811"
SYS.pdf,balance_sheet,consolidated,Non-controlling interest,non_controlling_interest,100.0,"1,698,353","2,192,380"
SYS.pdf,balance_sheet,consolidated,Long term advances,long_term_advances_deposits,89.4,"6,302,660","14,754,443"
SYS.pdf,balance_sheet,consolidated,Lease liabilities,lease_liabilities,100.0,"1,076,394,050","344,483,686"
SYS.pdf,balance_sheet,consolidated,Other long term liability - unsecured,other_long_term_liability,92.3,"428,305,444","1,184,866,510"
SYS.pdf,balance_sheet,consolidated,Deferred taxation - net,deferred_tax_liabilities,94.0,"1,573,433","83,618,990"
SYS.pdf,balance_sheet,consolidated,Contract liabilities,contract_liabilities,100.0,"2,848,186,391",-
SYS.pdf,balance_sheet,consolidated,Retirement benefits,employee_benefits,100.0,"1,556,579,442","675,541,301"
SYS.pdf,balance_sheet,consolidated,Trade and other payables,trade_payables,100.0,"10,709,428,067","8,715,514,879"
SYS.pdf,balance_sheet,consolidated,Provision for taxation,provision_for_taxation,100.0,"598,985,626","307,963,940"
SYS.pdf,balance_sheet,consolidated,Unclaimed dividend,unclaimed_dividend,100.0,"37,698,807","30,322,411"
SYS.pdf,balance_sheet,consolidated,Contract liabilities - current portion,contract_liabilities,87.6,"2,698,265,644","3,875,428,986"
SYS.pdf,balance_sheet,consolidated,Short term borrowings from financial institutions - secured,borrowings_from_fis,91.3,"5,956,002,054","2,684,547,884"
SYS.pdf,balance_sheet,consolidated,Derivative financial instruments,derivative_financial_instruments,100.0,-,"1,461,010"
SYS.pdf,balance_sheet,consolidated,Current portion of long term advances,current_maturity_long_term_debt,89.5,"2,028,020","5,171,459"
SYS.pdf,balance_sheet,consolidated,Current portion of lease liabilities,lease_liabilities,85.7,"231,651,227","174,362,132"
SYS.pdf,balance_sheet,consolidated,Current portion of other long term liability - unsecured,other_long_term_liability,84.7,"758,348,886","718,641,105"
SYS.pdf,balance_sheet,consolidated,TOTAL EQUITY AND LIABILITIES,total_equity_and_liabilities,100.0,"75,488,572,268","57,547,344,392"
SYS.pdf,cash_flow,consolidated,Cash generated from operations,cash_generated_from_operations,100.0,"12,330,115,397","5,077,422,214"
SYS.pdf,cash_flow,consolidated,Finance costs paid,finance_cost_paid,100.0,"(164,567,657)","(360,443,855)"
SYS.pdf,cash_flow,consolidated,Taxes and levy paid,taxes_paid,100.0,"(1,440,485,863)","(922,829,429)"
SYS.pdf,cash_flow,consolidated,Retirement benefits,employee_benefits,100.0,"(170,580,701)","(12,636,829)"
SYS.pdf,cash_flow,consolidated,(Decrease) / increase in long term advances,long_term_advances_deposits,93.4,"(11,595,222)","7,249,594"
SYS.pdf,cash_flow,consolidated,Settlement of derivative financial instruments,derivative_financial_instruments,92.8,"(1,461,010)","20,945,148"
SYS.pdf,cash_flow,consolidated,Receipts against long term receivables,receipts_long_term_receivables,100.0,"335,583,731","307,707,758"
SYS.pdf,cash_flow,consolidated,Cash flows from operating activities,cash_from_operations,97.7,"10,877,008,675","4,117,414,601"
SYS.pdf,cash_flow,consolidated,Purchase of property and equipment,depreciation_amortisation,82.2,"(914,804,935)","(888,802,624)"
SYS.pdf,cash_flow,consolidated,Acquisition of subsidiary,acquisition_of_subsidiary,100.0,"(2,090,271,341)",-
SYS.pdf,cash_flow,consolidated,Dividend receipt from associates,dividend_income,78.7,,-
SYS.pdf,cash_flow,consolidated,Purchase / development of intangibles,acquisition_intangible_assets,95.5,"(1,003,046,939)","(1,135,777,989)"
SYS.pdf,cash_flow,consolidated,Sale proceeds from disposal of property and equipment,proceeds_disposal_fixed_assets,98.0,"81,002,915","46,938,674"
SYS.pdf,cash_flow,consolidated,Short term investments - net,short_term_investments,95.2,"(2,174,605,118)","(1,461,570,905)"
SYS.pdf,cash_flow,consolidated,Long term investment - net,long_term_investment,94.8,"(25,242)",-
SYS.pdf,cash_flow,consolidated,Profit received on deposit accounts,interest_income_received,84.0,"84,596,108","115,042,604"
SYS.pdf,cash_flow,consolidated,Profit received on short term investments,short_term_investments,87.9,"39,648,013","47,580,632"
SYS.pdf,cash_flow,consolidated,Interest received on loan to associated undertakings,interest_income_received,79.7,-,"5,997,212"
SYS.pdf,cash_flow,consolidated,Net cash used in investing activities,cash_from_investing,100.0,"(5,977,506,539)","(3,265,563,518)"
SYS.pdf,cash_flow,consolidated,Disbursements against short term borrowings,short_term_borrowings,86.2,"11,375,624,666","8,178,586,017"
SYS.pdf,cash_flow,consolidated,Repayment of short term borrowings,short_term_borrowings,90.5,"(10,639,680,895)","(9,017,786,770)"
SYS.pdf,cash_flow,consolidated,Proceeds from exercise of share options,proceeds_exercise_share_options,100.0,"577,805,150","357,130,070"
SYS.pdf,cash_flow,consolidated,Payments in respect of leases,lease_liabilities,100.0,"(251,856,115)","(257,561,444)"
SYS.pdf,cash_flow,consolidated,Dividend paid,dividend_paid,100.0,"(1,751,320,503)","(1,737,357,396)"
SYS.pdf,cash_flow,consolidated,Net cash used in financing activities,cash_from_financing,100.0,"(689,427,697)","(2,476,989,523)"
SYS.pdf,cash_flow,consolidated,Increase in cash and cash equivalents,net_change_in_cash,97.9,"4,210,074,439","(1,625,138,440)"
SYS.pdf,cash_flow,consolidated,Net foreign exchange difference,foreign_exchange_difference,99.4,"79,073,079","(122,025,325)"
SYS.pdf,cash_flow,consolidated,Cash and cash equivalents at beginning of the year,cash_at_beginning,100.0,"5,513,595,454","7,260,759,219"
SYS.pdf,cash_flow,consolidated,Cash and cash equivalents at end of the year,cash_and_equivalents_at_end,100.0,"9,802,742,972","5,513,595,454"
SYS.pdf,profit_and_loss,consolidated,Revenue from contracts with customers - net,revenue,97.0,"80,391,884,594","67,473,021,160"
SYS.pdf,profit_and_loss,consolidated,Cost of revenue,revenue,85.5,"(57,982,619,705)","(51,315,319,855)"
SYS.pdf,profit_and_loss,consolidated,Gross profit,gross_profit,100.0,"22,409,264,889","16,157,701,305"
SYS.pdf,profit_and_loss,consolidated,Selling and distribution expenses,distribution_costs,100.0,"(3,097,396,064)","(2,482,298,867)"
SYS.pdf,profit_and_loss,consolidated,Administrative expenses,administrative_expenses,100.0,"(6,227,820,256)","(4,820,394,646)"
SYS.pdf,profit_and_loss,consolidated,Research & development expenses,research_development_expenses,94.5,"(82,316,961)","(92,264,918)"
SYS.pdf,profit_and_loss,consolidated,Impairment losses on financial assets,impairment_losses_financial_assets,100.0,"(971,487,668)","(485,686,404)"
SYS.pdf,profit_and_loss,consolidated,Other operating expenses,other_operating_expenses,100.0,"(23,906,244)","(5,083,691)"
SYS.pdf,profit_and_loss,consolidated,Operating profit,profit_from_operations,100.0,"12,006,337,696","8,271,972,779"
SYS.pdf,profit_and_loss,consolidated,Other income,other_income,100.0,"852,223,165","603,556,045"
SYS.pdf,profit_and_loss,consolidated,Share of loss from associates,share_of_profit_of_associates,84.3,"(72,858,438)","(118,973,681)"
SYS.pdf,profit_and_loss,consolidated,Finance costs,finance_cost,100.0,"(337,450,216)","(465,258,660)"
SYS.pdf,profit_and_loss,consolidated,Profit before taxation and levy,profit_before_tax,93.2,"12,448,252,207","8,291,296,483"
SYS.pdf,profit_and_loss,consolidated,Profit before taxation,profit_before_tax,100.0,"11,626,909,309","7,816,361,864"
SYS.pdf,profit_and_loss,consolidated,Taxation,income_tax_expense,100.0,"(586,325,375)","(356,349,091)"
SYS.pdf,profit_and_loss,consolidated,Profit for the year,profit_for_the_year,100.0,"11,040,583,934","7,460,012,773"
SYS.pdf,profit_and_loss,consolidated,Equity holders of the parent,equity_attributable_to_parent,81.9,"11,041,077,961","7,460,267,547"
SYS.pdf,profit_and_loss,consolidated,Non-controlling interest,non_controlling_interest,100.0,"(494,027)","(254,774)"
SYS.pdf,profit_and_loss,consolidated,Basic earnings per share,eps,94.3,7.52,5.11
SYS.pdf,profit_and_loss,consolidated,Diluted earnings per share,diluted_eps,100.0,7.44,5.07
SYS.pdf,profit_and_loss,consolidated,Profit for the year,profit_for_the_year,100.0,"11,040,583,934","7,460,012,773"
SYS.pdf,profit_and_loss,consolidated,Exchange differences on translation of foreign operations,foreign_exchange_difference,100.0,"(257,237,439)","(195,552,816)"
SYS.pdf,profit_and_loss,consolidated,Total comprehensive income for the year,total_comprehensive_income,92.0,"10,645,260,516","7,344,334,710"
SYS.pdf,profit_and_loss,consolidated,Equity holders of the parent,equity_attributable_to_parent,81.9,"10,645,754,543","7,344,589,484"
SYS.pdf,profit_and_loss,consolidated,Non-controlling interest,non_controlling_interest,100.0,"(494,027)","(254,774)"
Sapphire Textiles Limited.pdf,balance_sheet,consolidated,"Property, plant and equipment",property_plant_equipment,97.2,"89,753,201,787","89,205,020,831"
Sapphire Textiles Limited.pdf,balance_sheet,consolidated,Investment property,investment_property,100.0,"1,644,567,641","1,645,003,518"
Sapphire Textiles Limited.pdf,balance_sheet,consolidated,Intangible assets,intangible_assets,100.0,"462,887,168","473,371,621"
Sapphire Textiles Limited.pdf,balance_sheet,consolidated,Exploration and evaluation assets,exploration_evaluation_assets,100.0,"135,428,274","130,928,274"
Sapphire Textiles Limited.pdf,balance_sheet,consolidated,Long–term investments,long_term_investment,95.2,"7,065,858,068","5,731,684,160"
Sapphire Textiles Limited.pdf,balance_sheet,consolidated,Long–term loans and advances,loans_and_advances,91.3,"66,665,011","56,168,867"
Sapphire Textiles Limited.pdf,balance_sheet,consolidated,Long–term deposits,long_term_deposits_asset,94.4,"224,723,128","206,699,068"
Sapphire Textiles Limited.pdf,balance_sheet,consolidated,Deferred tax asset,deferred_tax_assets,100.0,-,"560,483,654"
Sapphire Textiles Limited.pdf,balance_sheet,consolidated,"Stores, spares and loose tools",stores_spares_loose_tools,97.3,"1,196,630,130","979,660,671"
Sapphire Textiles Limited.pdf,balance_sheet,consolidated,Stock in trade,inventories,100.0,"42,874,980,902","35,744,403,520"
Sapphire Textiles Limited.pdf,balance_sheet,consolidated,Trade debts,trade_receivables,100.0,"22,847,820,047","22,357,299,246"
Sapphire Textiles Limited.pdf,balance_sheet,consolidated,Loans and advances,loans_and_advances,100.0,"319,352,919","393,632,520"
Sapphire Textiles Limited.pdf,balance_sheet,consolidated,Trade deposits and short term prepayments,prepayments,87.9,"337,525,221","106,648,789"
Sapphire Textiles Limited.pdf,balance_sheet,consolidated,Other receivables,other_receivables,100.0,"3,047,688,935","2,768,669,455"
Sapphire Textiles Limited.pdf,balance_sheet,consolidated,Short–term investments,short_term_investments,95.5,"7,286,637,117","4,480,398,075"
Sapphire Textiles Limited.pdf,balance_sheet,consolidated,Tax refunds due from Government,tax_refund_due_from_government,100.0,"5,456,638,983","2,796,342,932"
Sapphire Textiles Limited.pdf,balance_sheet,consolidated,Cash and bank balances,cash_and_bank,100.0,"19,411,721,135","17,533,563,165"
Sapphire Textiles Limited.pdf,balance_sheet,consolidated,Total assets,total_assets,100.0,"202,132,326,466","185,169,978,366"
Sapphire Textiles Limited.pdf,balance_sheet,consolidated,"Issued, subscribed and paid–up capital",share_capital,97.8,"216,897,910","216,897,910"
Sapphire Textiles Limited.pdf,balance_sheet,consolidated,Reserves,reserves,100.0,"74,947,632,741","63,270,178,387"
Sapphire Textiles Limited.pdf,balance_sheet,consolidated,Equity attributable to equity holders of the parent,equity_attributable_to_parent,90.8,"75,164,530,651","63,487,076,297"
Sapphire Textiles Limited.pdf,balance_sheet,consolidated,Non–controlling interests,non_controlling_interest,99.2,"22,618,917,226","20,176,661,419"
Sapphire Textiles Limited.pdf,balance_sheet,consolidated,Total equity,total_equity,100.0,"97,783,447,877","83,663,737,716"
Sapphire Textiles Limited.pdf,balance_sheet,consolidated,Long–term loans and other payables,trade_payables,83.4,"38,055,329,359","46,035,980,643"
Sapphire Textiles Limited.pdf,balance_sheet,consolidated,Lease liabilities,lease_liabilities,100.0,"3,472,238,576","3,221,082,755"
Sapphire Textiles Limited.pdf,balance_sheet,consolidated,Deferred income – Government grant,deferred_government_grant,95.0,"169,620,752","231,865,017"
Sapphire Textiles Limited.pdf,balance_sheet,consolidated,Deferred tax liability,deferred_tax_liabilities,95.1,"481,397,794",-
Sapphire Textiles Limited.pdf,balance_sheet,consolidated,Employee benefit obligations,employee_benefits,100.0,"944,933,052","813,216,251"
Sapphire Textiles Limited.pdf,balance_sheet,consolidated,Trade and other payables,trade_payables,100.0,"23,508,335,673","18,179,234,210"
Sapphire Textiles Limited.pdf,balance_sheet,consolidated,Contract liabilities,contract_liabilities,100.0,"1,780,955,845","2,164,431,058"
Sapphire Textiles Limited.pdf,balance_sheet,consolidated,Accrued mark–up,accrued_markup,100.0,"950,759,085","1,048,890,952"
Sapphire Textiles Limited.pdf,balance_sheet,consolidated,Short–term borrowings,short_term_borrowings,95.2,"21,561,623,899","14,921,225,830"
Sapphire Textiles Limited.pdf,balance_sheet,consolidated,Current portion of long–term liabilities,current_maturity_long_term_debt,91.2,"13,421,419,699","14,557,530,151"
Sapphire Textiles Limited.pdf,balance_sheet,consolidated,Unclaimed dividend,unclaimed_dividend,100.0,"2,264,855","332,783,783"
Sapphire Textiles Limited.pdf,balance_sheet,consolidated,Total liabilities,total_liabilities,100.0,"104,348,878,589","101,506,240,650"
Sapphire Textiles Limited.pdf,balance_sheet,consolidated,Total equity and liabilities,total_equity_and_liabilities,100.0,"202,132,326,466","185,169,978,366"
Sapphire Textiles Limited.pdf,cash_flow,consolidated,CASH GENERATED FROM OPERATIONS,cash_generated_from_operations,100.0,"29,304,831,342","36,252,527,270"
Sapphire Textiles Limited.pdf,cash_flow,consolidated,"Change in long term loans, advances and deposits",long_term_advances_deposits,93.2,"(112,860,197)","135,192,549"
Sapphire Textiles Limited.pdf,cash_flow,consolidated,Finance cost paid,finance_cost_paid,100.0,"(9,032,577,355)","(12,402,502,759)"
Sapphire Textiles Limited.pdf,cash_flow,consolidated,Taxes paid,taxes_paid,100.0,"(6,247,089,696)","(1,668,841,293)"
Sapphire Textiles Limited.pdf,cash_flow,consolidated,Staff retirement benefit paid,employee_benefits,86.8,"(244,420,257)","(186,638,163)"
Sapphire Textiles Limited.pdf,cash_flow,consolidated,Accumulating compensated absences paid,compensated_absences_paid,100.0,"(13,621,657)","(20,330,592)"
Sapphire Textiles Limited.pdf,cash_flow,consolidated,Net cash generated from operating activities,net_cash_from_operations,100.0,"13,654,262,180","22,109,407,012"
Sapphire Textiles Limited.pdf,cash_flow,consolidated,Fixed capital expenditure,capital_expenditure,100.0,"(8,447,010,742)","(6,627,126,149)"
Sapphire Textiles Limited.pdf,cash_flow,consolidated,Purchase of investment property –,investment_property,89.2,,"(4,462,257)"
Sapphire Textiles Limited.pdf,cash_flow,consolidated,Exploration and evaluation expenditure,exploration_evaluation_assets,100.0,"(4,500,000)","(18,000,000)"
Sapphire Textiles Limited.pdf,cash_flow,consolidated,Proceeds from disposal of investment property –,investment_bond_proceeds,83.3,,"123,825,888"
Sapphire Textiles Limited.pdf,cash_flow,consolidated,Proceeds from disposal of operating fixed assets,proceeds_disposal_fixed_assets,100.0,"255,321,535","373,511,916"
Sapphire Textiles Limited.pdf,cash_flow,consolidated,Investments in shares and certificates,investment_in_shares_certificates,100.0,"(2,463,011,608)","(1,623,934,764)"
Sapphire Textiles Limited.pdf,cash_flow,consolidated,Proceeds from sale of equity instrument,proceeds_sale_equity_instrument,100.0,"2,083,718,009","1,875,258,387"
Sapphire Textiles Limited.pdf,cash_flow,consolidated,Rental income received,interest_income_received,87.3,"13,613,106","12,649,950"
Sapphire Textiles Limited.pdf,cash_flow,consolidated,Dividend income received - others,dividend_income,85.0,"1,023,926,864","973,030,741"
Sapphire Textiles Limited.pdf,cash_flow,consolidated,Dividend income received - associates,dividend_income,83.1,"28,263,852","37,263,851"
Sapphire Textiles Limited.pdf,cash_flow,consolidated,Interest income received,interest_income_received,100.0,"1,155,857,201","1,226,741,850"
Sapphire Textiles Limited.pdf,cash_flow,consolidated,Net cash used in investing activities,cash_from_investing,100.0,"(6,353,821,783)","(3,651,240,587)"
Sapphire Textiles Limited.pdf,cash_flow,consolidated,Long term finances - obtained,long_term_borrowings,90.6,"4,115,608,853","2,410,000,000"
Sapphire Textiles Limited.pdf,cash_flow,consolidated,Exchange gain /(loss) on translation of foreign subsidiaries,foreign_exchange_difference,95.8,"20,786,372","(7,650,816)"
Sapphire Textiles Limited.pdf,cash_flow,consolidated,Dividend paid,dividend_paid,100.0,"(2,352,381,509)","(2,382,146,478)"
Sapphire Textiles Limited.pdf,cash_flow,consolidated,Short term borrowings - net,short_term_borrowings,95.0,"6,638,345,217","(2,442,579,780)"
Sapphire Textiles Limited.pdf,cash_flow,consolidated,Lease liabilities,lease_liabilities,100.0,"(1,221,927,397)","(942,802,346)"
Sapphire Textiles Limited.pdf,cash_flow,consolidated,Net cash used in financing activities,cash_from_financing,100.0,"(5,466,337,632)","(15,460,477,159)"
Sapphire Textiles Limited.pdf,cash_flow,consolidated,Net increase in cash and cash equivalents,net_change_in_cash,100.0,"1,834,102,766","2,997,689,266"
Sapphire Textiles Limited.pdf,cash_flow,consolidated,Net foreign exchange difference,foreign_exchange_difference,99.4,"44,055,204","(6,858,496)"
Sapphire Textiles Limited.pdf,cash_flow,consolidated,Cash and cash equivalents - at beginning of the year,cash_at_beginning,96.8,"17,533,563,165","14,542,732,395"
Sapphire Textiles Limited.pdf,cash_flow,consolidated,Cash and cash equivalents - at end of the year,cash_and_equivalents_at_end,96.4,"19,411,721,135","17,533,563,165"
Sapphire Textiles Limited.pdf,profit_and_loss,consolidated,Net turnover,revenue,100.0,"152,504,059,304","137,298,442,336"
Sapphire Textiles Limited.pdf,profit_and_loss,consolidated,Cost of sales,cost_of_sales,100.0,"(115,828,966,273)","(96,259,653,924)"
Sapphire Textiles Limited.pdf,profit_and_loss,consolidated,Gross profit,gross_profit,100.0,"36,675,093,031","41,038,788,412"
Sapphire Textiles Limited.pdf,profit_and_loss,consolidated,Distribution cost,distribution_costs,100.0,"(10,068,014,966)","(7,915,923,530)"
Sapphire Textiles Limited.pdf,profit_and_loss,consolidated,Administrative expenses,administrative_expenses,100.0,"(2,541,192,920)","(2,134,088,998)"
Sapphire Textiles Limited.pdf,profit_and_loss,consolidated,Other operating expenses,other_operating_expenses,100.0,"(739,437,917)","(490,475,902)"
Sapphire Textiles Limited.pdf,profit_and_loss,consolidated,Other income,other_income,100.0,"3,018,396,460","4,400,397,806"
Sapphire Textiles Limited.pdf,profit_and_loss,consolidated,Profit from operations,profit_from_operations,100.0,"26,344,843,688","34,898,697,788"
Sapphire Textiles Limited.pdf,profit_and_loss,consolidated,Finance cost,finance_cost,100.0,"(9,397,543,336)","(12,341,291,105)"
Sapphire Textiles Limited.pdf,profit_and_loss,consolidated,Share of profit of associated companies,share_of_profit_of_associates,93.1,"342,722,537","236,916,641"
Sapphire Textiles Limited.pdf,profit_and_loss,consolidated,"Profit before revenue tax, income tax and levy",profit_before_tax,98.2,"17,290,022,889","22,794,323,324"
Sapphire Textiles Limited.pdf,profit_and_loss,consolidated,Final taxes – levy,levies,90.1,"(1,714,365,370)","(1,824,870,110)"
Sapphire Textiles Limited.pdf,profit_and_loss,consolidated,Profit before income tax,profit_before_tax,100.0,"15,575,657,519","20,969,453,214"
Sapphire Textiles Limited.pdf,profit_and_loss,consolidated,Income tax expense,income_tax_expense,100.0,"(2,438,540,940)","(1,242,790,639)"
Sapphire Textiles Limited.pdf,profit_and_loss,consolidated,Profit for the year,profit_for_the_year,100.0,"13,137,116,579","19,726,662,575"
Sapphire Textiles Limited.pdf,profit_and_loss,consolidated,Equity holders of the parent,equity_attributable_to_parent,81.9,"9,442,985,772","13,263,476,503"
Sapphire Textiles Limited.pdf,profit_and_loss,consolidated,Non–controlling interests,non_controlling_interest,99.2,"3,694,130,807","6,463,186,072"
Sapphire Textiles Limited.pdf,profit_and_loss,consolidated,Earnings per share – basic and diluted,eps,85.7,435.37,611.51
Sapphire Textiles Limited.pdf,profit_and_loss,consolidated,Profit after taxation,profit_for_the_year,100.0,"13,137,116,579","19,726,662,575"
Sapphire Textiles Limited.pdf,profit_and_loss,consolidated,Exchange difference on translation of foreign operations,foreign_exchange_difference,98.6,"82,208,798","(27,669,237)"
Sapphire Textiles Limited.pdf,profit_and_loss,consolidated,long term,long_term_loans,90.0,"1,853,330,513","2,022,077,846"
Sapphire Textiles Limited.pdf,profit_and_loss,consolidated,short term,short_term_deposits,87.6,"1,479,028,579","2,081,112,456"
Sapphire Textiles Limited.pdf,profit_and_loss,consolidated,Total comprehensive income for the year,total_comprehensive_income,92.0,"16,338,959,333","22,151,473,481"
Sapphire Textiles Limited.pdf,profit_and_loss,consolidated,Equity holders of the parent,equity_attributable_to_parent,81.9,"12,644,828,526","15,688,287,409"
Sapphire Textiles Limited.pdf,profit_and_loss,consolidated,Non- controlling interests,non_controlling_interest,95.9,"3,694,130,807","6,463,186,072"
TPL Tracker ltd.pdf,balance_sheet,consolidated,Property and equipment,depreciation_amortisation,89.3,"538,515,093","732,309,773"
TPL Tracker ltd.pdf,balance_sheet,consolidated,Right-of-use assets,right_of_use_assets,100.0,"216,595,232","118,763,714"
TPL Tracker ltd.pdf,balance_sheet,consolidated,Intangible assets,intangible_assets,100.0,"2,361,081,067","2,565,992,941"
TPL Tracker ltd.pdf,balance_sheet,consolidated,Long-term investments,long_term_investment,95.2,"736,036,898",-
TPL Tracker ltd.pdf,balance_sheet,consolidated,Long term advances and deposits,long_term_advances_deposits,100.0,"48,188,706","51,157,517"
TPL Tracker ltd.pdf,balance_sheet,consolidated,Deferred tax asset,deferred_tax_assets,100.0,"251,549,270","290,168,512"
TPL Tracker ltd.pdf,balance_sheet,consolidated,Stock-in-trade,inventories,85.7,"309,552,268","278,381,452"
TPL Tracker ltd.pdf,balance_sheet,consolidated,Trade debts,trade_receivables,100.0,"460,063,546","742,189,695"
TPL Tracker ltd.pdf,balance_sheet,consolidated,"Loans, advances, deposits and prepayments",advances_deposits_prepayments,96.3,"107,397,514","133,772,356"
TPL Tracker ltd.pdf,balance_sheet,consolidated,Due from related parties,due_from_related_parties,100.0,"187,365,137","303,043,248"
TPL Tracker ltd.pdf,balance_sheet,consolidated,Accrued mark-up,accrued_markup,100.0,"409,985,578","463,709,975"
TPL Tracker ltd.pdf,balance_sheet,consolidated,Cash and bank balances,cash_and_bank,100.0,"135,816,775","185,950,488"
TPL Tracker ltd.pdf,balance_sheet,consolidated,TOTAL ASSETS,total_assets,100.0,"5,762,147,084","5,865,439,671"
TPL Tracker ltd.pdf,balance_sheet,consolidated,"Issued, subscribed and paid-up capital",share_capital,97.8,"1,872,630,930","1,872,630,930"
TPL Tracker ltd.pdf,balance_sheet,consolidated,Capital reserves,reserves,100.0,"202,650,046","202,650,046"
TPL Tracker ltd.pdf,balance_sheet,consolidated,Revenue reserve,reserves,98.7,"(330,434,668)","(132,921,286)"
TPL Tracker ltd.pdf,balance_sheet,consolidated,Other components of equity,other_components_of_equity,100.0,-,"(117,060,957)"
TPL Tracker ltd.pdf,balance_sheet,consolidated,Non-controlling interest,non_controlling_interest,100.0,-,"(515,651,290)"
TPL Tracker ltd.pdf,balance_sheet,consolidated,Long-term financing,repayment_long_term_financing,89.8,"18,306,179","534,459,413"
TPL Tracker ltd.pdf,balance_sheet,consolidated,Lease liabilities,lease_liabilities,100.0,"166,858,961","64,935,780"
TPL Tracker ltd.pdf,balance_sheet,consolidated,Deferred liability - staff gratuity,employee_benefits,82.9,"14,965,613","45,424,119"
TPL Tracker ltd.pdf,balance_sheet,consolidated,Trade and other payables,trade_payables,100.0,"1,475,007,237","1,656,666,253"
TPL Tracker ltd.pdf,balance_sheet,consolidated,Contract liabilities,contract_liabilities,100.0,"288,598,283","361,799,117"
TPL Tracker ltd.pdf,balance_sheet,consolidated,Short-term borrowings,short_term_borrowings,95.2,"1,034,701,094","977,082,351"
TPL Tracker ltd.pdf,balance_sheet,consolidated,Current portion of non-current liabilities,current_portion_non_current_liabilities,100.0,"307,056,933","390,214,999"
TPL Tracker ltd.pdf,balance_sheet,consolidated,Due to related parties,due_to_related_parties,100.0,"446,010,411","304,461,312"
TPL Tracker ltd.pdf,balance_sheet,consolidated,Accrued mark-up,accrued_markup,100.0,"202,437,221","134,821,077"
TPL Tracker ltd.pdf,balance_sheet,consolidated,Taxation - net,income_tax_expense,100.0,"63,358,844","85,927,807"
TPL Tracker ltd.pdf,balance_sheet,consolidated,TOTAL EQUITY AND LIABILITIES,total_equity_and_liabilities,100.0,"5,762,147,084","5,865,439,671"
TPL Tracker ltd.pdf,cash_flow,unconsolidated,(Loss) / profit before income tax and levies,profit_before_tax,89.3,"(14,367,744)","189,998,605"
TPL Tracker ltd.pdf,cash_flow,unconsolidated,Depreciation,depreciation_amortisation,90.0,"244,246,468","269,510,698"
TPL Tracker ltd.pdf,cash_flow,unconsolidated,Amortisation,depreciation_amortisation,100.0,"640,992","640,992"
TPL Tracker ltd.pdf,cash_flow,unconsolidated,Allowance for ECL,credit_loss_allowance,100.0,"30,664,705","24,904,789"
TPL Tracker ltd.pdf,cash_flow,unconsolidated,Finance costs,finance_cost,100.0,"337,244,651","518,950,940"
TPL Tracker ltd.pdf,cash_flow,unconsolidated,Stock-in-trade,inventories,85.7,"(150,880,886)","65,384,253"
TPL Tracker ltd.pdf,cash_flow,unconsolidated,Trade debts,trade_receivables,100.0,"227,373,850","226,496,494"
TPL Tracker ltd.pdf,cash_flow,unconsolidated,"Loans, advances, deposits and prepayments",advances_deposits_prepayments,96.3,"9,240,494","(16,338,560)"
TPL Tracker ltd.pdf,cash_flow,unconsolidated,Due from related parties,due_from_related_parties,100.0,"75,613,781","(52,496,550)"
TPL Tracker ltd.pdf,cash_flow,unconsolidated,Accrued mark-up,accrued_markup,100.0,"42,006,413","(136,839,520)"
TPL Tracker ltd.pdf,cash_flow,unconsolidated,Trade and other payables,trade_payables,100.0,"(14,355,953)","117,907,938"
TPL Tracker ltd.pdf,cash_flow,unconsolidated,Contract liabilities,contract_liabilities,100.0,"(30,678,273)","39,917,413"
TPL Tracker ltd.pdf,cash_flow,unconsolidated,Due to related parties,due_to_related_parties,100.0,"38,924,619","(38,749,518)"
TPL Tracker ltd.pdf,cash_flow,unconsolidated,Finance costs paid,finance_cost_paid,100.0,"(267,283,904)","(532,149,699)"
TPL Tracker ltd.pdf,cash_flow,unconsolidated,Income tax paid,taxes_paid,100.0,"(62,880,883)","(66,311,141)"
TPL Tracker ltd.pdf,cash_flow,unconsolidated,Long term advances and deposits - net,long_term_advances_deposits,96.5,"3,937,622","(83,809)"
TPL Tracker ltd.pdf,cash_flow,unconsolidated,Net cash generated from operating activities,net_cash_from_operations,100.0,"452,858,368","608,012,289"
TPL Tracker ltd.pdf,cash_flow,unconsolidated,Additions to property and equipment - net,depreciation_amortisation,82.4,"(25,798,550)","(47,786,408)"
TPL Tracker ltd.pdf,cash_flow,unconsolidated,Additions to intangible assets,intangible_assets,88.9,"(39,517,540)","(44,454,875)"
TPL Tracker ltd.pdf,cash_flow,unconsolidated,Investment made,short_term_investment_made,89.3,"(140,430,666)",-
TPL Tracker ltd.pdf,cash_flow,unconsolidated,Net cash used in investing activities,cash_from_investing,100.0,"(205,746,756)","(92,241,283)"
TPL Tracker ltd.pdf,cash_flow,unconsolidated,Long term financing - net,long_term_borrowings,88.1,"(245,125,566)","(252,977,757)"
TPL Tracker ltd.pdf,cash_flow,unconsolidated,Lease liabilities repaid,lease_liabilities,93.2,"(93,322,159)","(87,352,249)"
TPL Tracker ltd.pdf,cash_flow,unconsolidated,Short term borrowings - net,short_term_borrowings,95.0,"6,475,041","(79,155,039)"
TPL Tracker ltd.pdf,cash_flow,unconsolidated,Net cash used in financing activities,cash_from_financing,100.0,"(331,972,684)","(419,485,045)"
TPL Tracker ltd.pdf,cash_flow,unconsolidated,Net (decrease) / increase in cash and cash equivalents during the year,net_change_in_cash,85.2,"(84,861,072)","96,285,962"
TPL Tracker ltd.pdf,cash_flow,unconsolidated,Cash and cash equivalents at beginning of the year,cash_at_beginning,100.0,"(572,557,066)","(668,843,028)"
TPL Tracker ltd.pdf,cash_flow,unconsolidated,Cash and cash equivalents at end of the year,cash_and_equivalents_at_end,100.0,"(657,418,138)","(572,557,066)"
TPL Tracker ltd.pdf,cash_flow,unconsolidated,Profit / (loss) before income tax and levies,profit_before_tax,92.1,"78,725,335","(56,571,123)"
TPL Tracker ltd.pdf,cash_flow,unconsolidated,Depreciation on operating fixed assets,depreciation_operating_fixed_assets,100.0,"187,829,976","242,423,837"
TPL Tracker ltd.pdf,cash_flow,unconsolidated,Depreciation on right of use assets,depreciation_rou_assets,100.0,"61,617,840","67,233,119"
TPL Tracker ltd.pdf,cash_flow,unconsolidated,Amortisation,depreciation_amortisation,100.0,"8,166,180","8,166,180"
TPL Tracker ltd.pdf,cash_flow,unconsolidated,Allowance for ECL,credit_loss_allowance,100.0,"24,878,924","6,963,986"
TPL Tracker ltd.pdf,cash_flow,unconsolidated,Finance costs,finance_cost,100.0,"343,109,414","551,175,055"
TPL Tracker ltd.pdf,cash_flow,unconsolidated,Share of loss from associate,share_of_profit_of_associates,83.2,"14,329,253",-
TPL Tracker ltd.pdf,cash_flow,unconsolidated,Gain on disposal of subsidiary,gain_disposal_subsidiary,100.0,"(338,092,069)",-
TPL Tracker ltd.pdf,cash_flow,unconsolidated,Provision for gratuity,provision_for_taxation,79.6,"3,629,148","7,014,470"
TPL Tracker ltd.pdf,cash_flow,unconsolidated,Exchange loss - net,foreign_exchange_difference,80.8,"127,120,847",-
TPL Tracker ltd.pdf,cash_flow,unconsolidated,Stock-in-trade,inventories,85.7,"(75,485,501)","35,447,990"
TPL Tracker ltd.pdf,cash_flow,unconsolidated,Trade debts,trade_receivables,100.0,"282,126,149","287,424,980"
TPL Tracker ltd.pdf,cash_flow,unconsolidated,"Loans, advances, deposits and prepayments",advances_deposits_prepayments,96.3,"26,374,842","(16,288,972)"
TPL Tracker ltd.pdf,cash_flow,unconsolidated,Due from related parties,due_from_related_parties,100.0,"115,678,111","98,179,162"
TPL Tracker ltd.pdf,cash_flow,unconsolidated,Accrued mark-up,accrued_markup,100.0,"53,724,397","(54,781,954)"
TPL Tracker ltd.pdf,cash_flow,unconsolidated,Trade and other payables,trade_payables,100.0,"(181,659,016)","173,000,135"
TPL Tracker ltd.pdf,cash_flow,unconsolidated,Contract liabilities,contract_liabilities,100.0,"(73,200,834)","39,917,413"
TPL Tracker ltd.pdf,cash_flow,unconsolidated,Due to related parties,due_to_related_parties,100.0,"141,549,099","(31,480,797)"
TPL Tracker ltd.pdf,cash_flow,unconsolidated,Finance costs paid,finance_cost_paid,100.0,"(267,975,389)","(561,268,180)"
TPL Tracker ltd.pdf,cash_flow,unconsolidated,Gratuity paid,employee_benefits,90.5,"(3,740,910)","(887,693)"
TPL Tracker ltd.pdf,cash_flow,unconsolidated,Income tax paid,taxes_paid,100.0,"(75,409,567)","(75,920,421)"
TPL Tracker ltd.pdf,cash_flow,unconsolidated,Long term advances and deposits,long_term_advances_deposits,100.0,"2,968,811","56,191"
TPL Tracker ltd.pdf,cash_flow,unconsolidated,Net cash generated from operating activities,net_cash_from_operations,100.0,"418,708,525","721,663,116"
TPL Tracker ltd.pdf,cash_flow,unconsolidated,Additions to property and equipment - net,depreciation_amortisation,82.4,"(117,234,559)","(37,123,713)"
TPL Tracker ltd.pdf,cash_flow,unconsolidated,Additions to intangible assets,intangible_assets,88.9,"(90,606,974)","(95,901,341)"
TPL Tracker ltd.pdf,cash_flow,unconsolidated,Net cash used in investing activities,cash_from_investing,100.0,"(207,841,533)","(133,025,054)"
TPL Tracker ltd.pdf,cash_flow,unconsolidated,Repayment of long term financing - net,repayment_long_term_financing,96.6,"(247,554,367)","(320,850,919)"
TPL Tracker ltd.pdf,cash_flow,unconsolidated,Proceed from short-term borrowings - net,short_term_borrowings,83.4,"28,732,119","(90,880,549)"
TPL Tracker ltd.pdf,cash_flow,unconsolidated,Lease liabilities repaid,lease_liabilities,93.2,"(93,322,159)","(87,352,249)"
TPL Tracker ltd.pdf,cash_flow,unconsolidated,Net cash used in financing activities,cash_from_financing,100.0,"(312,144,407)","(499,083,717)"
TPL Tracker ltd.pdf,cash_flow,unconsolidated,Net (decrease) / increase in cash and cash equivalents,net_change_in_cash,92.2,"(101,277,415)","89,554,345"
TPL Tracker ltd.pdf,cash_flow,unconsolidated,Cash and cash equivalents beginning of the year,cash_at_beginning,94.9,"(546,154,467)","(653,560,618)"
TPL Tracker ltd.pdf,cash_flow,unconsolidated,Net foreign exchange differences,foreign_exchange_difference,100.0,-,"17,851,806"
TPL Tracker ltd.pdf,cash_flow,unconsolidated,Cash and cash equivalents end of the year,cash_and_equivalents_at_end,94.2,"(647,431,882)","(546,154,467)"
TPL Tracker ltd.pdf,profit_and_loss,consolidated,Cost of sales and services,cost_of_sales,86.7,"(1,129,083,661)","(1,800,513,451)"
TPL Tracker ltd.pdf,profit_and_loss,consolidated,Gross profit,gross_profit,100.0,"703,177,905","1,413,991,554"
TPL Tracker ltd.pdf,profit_and_loss,consolidated,Distribution expenses,distribution_costs,91.1,"(114,206,362)","(141,511,814)"
TPL Tracker ltd.pdf,profit_and_loss,consolidated,Administrative expenses,administrative_expenses,100.0,"(404,176,134)","(747,969,208)"
TPL Tracker ltd.pdf,profit_and_loss,consolidated,Operating profit,profit_from_operations,100.0,"184,795,409","524,510,532"
TPL Tracker ltd.pdf,profit_and_loss,consolidated,Research and development expenses,research_development_expenses,100.0,"(77,070,830)","(93,179,163)"
TPL Tracker ltd.pdf,profit_and_loss,consolidated,Other expenses,other_expenses,100.0,"(151,999,771)","(79,990,547)"
TPL Tracker ltd.pdf,profit_and_loss,consolidated,Finance costs,finance_cost,100.0,"(343,109,414)","(547,265,443)"
TPL Tracker ltd.pdf,profit_and_loss,consolidated,Other income,other_income,100.0,"480,439,193","139,353,499"
TPL Tracker ltd.pdf,profit_and_loss,consolidated,Share of loss from associate,share_of_profit_of_associates,83.2,"(14,329,253)",-
TPL Tracker ltd.pdf,profit_and_loss,consolidated,Profit / (loss) before income tax and levies,profit_before_tax,92.1,"78,725,335","(56,571,123)"
TPL Tracker ltd.pdf,profit_and_loss,consolidated,Levies - minimum tax,levies,78.5,"(55,058,879)","(55,662,627)"
TPL Tracker ltd.pdf,profit_and_loss,consolidated,Profit / (loss) before income tax,profit_before_tax,87.9,"23,666,456","(112,233,750)"
TPL Tracker ltd.pdf,profit_and_loss,consolidated,Taxation,income_tax_expense,100.0,"268,133","7,995,336"
TPL Tracker ltd.pdf,profit_and_loss,consolidated,Profit / (loss) from continuing operations,profit_continuing_operations,91.7,"23,934,589","(104,238,414)"
TPL Tracker ltd.pdf,profit_and_loss,consolidated,Loss from discontinued operations,loss_discontinued_operations,100.0,"(20,134,734)",-
TPL Tracker ltd.pdf,profit_and_loss,consolidated,Net profit / (loss) for the year,profit_for_the_year,78.6,"3,799,855","(104,238,414)"
TPL Tracker ltd.pdf,profit_and_loss,consolidated,Exchange differences on translation of foreign subsidiary,foreign_exchange_difference,88.5,"3,916,639","(30,439,506)"
TPL Tracker ltd.pdf,profit_and_loss,consolidated,Total comprehensive income / (loss) for the year,total_comprehensive_income,88.1,"7,716,494","(134,677,920)"
TPL Tracker ltd.pdf,profit_and_loss,consolidated,Owners of the Holding Company,equity_attributable_to_parent,88.6,"13,867,222","5,347,602"
TPL Tracker ltd.pdf,profit_and_loss,consolidated,Non-controlling interest,non_controlling_interest,100.0,"(10,067,367)","(109,586,015)"
TPL Tracker ltd.pdf,profit_and_loss,consolidated,Owners of the Holding Company,equity_attributable_to_parent,88.6,"15,825,541","(9,872,151)"
TPL Tracker ltd.pdf,profit_and_loss,consolidated,Non-controlling interest,non_controlling_interest,100.0,"(8,109,048)","(124,805,769)"
TPL Tracker ltd.pdf,profit_and_loss,consolidated,Earnings per share – basic,eps,92.7,0.07,0.03
