filename,statement_type,version,category,raw_label,value_2025,value_2024
Abbott Labs Pakistan.pdf,balance_sheet,unknown,share_capital,"Issued, subscribed and paid-up capital",979003.0,979003.0
Abbott Labs Pakistan.pdf,balance_sheet,unknown,reserves,Reserves - capital,2073901.0,1750481.0
Abbott Labs Pakistan.pdf,balance_sheet,unknown,revenue,revenue,28572553.0,20995152.0
Abbott Labs Pakistan.pdf,balance_sheet,unknown,total_equity,Total equity,31625457.0,23724636.0
Abbott Labs Pakistan.pdf,balance_sheet,unknown,deferred_tax_liabilities,Deferred taxation - net,989965.0,1052587.0
Abbott Labs Pakistan.pdf,balance_sheet,unknown,employee_benefits,Staff retirement benefits,494943.0,1184179.0
Abbott Labs Pakistan.pdf,balance_sheet,unknown,lease_liabilities,Lease liabilities,329677.0,29545.0
Abbott Labs Pakistan.pdf,balance_sheet,unknown,total_non_current_liabilities,Total Non-Current Liabilities,1814585.0,2266311.0
Abbott Labs Pakistan.pdf,balance_sheet,unknown,trade_payables,Trade and other payables,12198722.0,10951662.0
Abbott Labs Pakistan.pdf,balance_sheet,unknown,unclaimed_dividend,Unclaimed dividends,71155.0,63715.0
Abbott Labs Pakistan.pdf,balance_sheet,unknown,income_tax_expense,Taxation - net,246958.0,
Abbott Labs Pakistan.pdf,balance_sheet,unknown,lease_liabilities,Current portion of lease liabilities,158301.0,22683.0
Abbott Labs Pakistan.pdf,balance_sheet,unknown,provision_for_taxation,Provisions,701018.0,622151.0
Abbott Labs Pakistan.pdf,balance_sheet,unknown,total_current_liabilities,Total Current Liabilities,13376154.0,11660211.0
Abbott Labs Pakistan.pdf,balance_sheet,unknown,total_equity_and_liabilities,TOTAL EQUITY AND LIABILITIES,46816196.0,37651158.0
Abbott Labs Pakistan.pdf,balance_sheet,unknown,property_plant_equipment,"Property, plant and equipment",15635851.0,14252797.0
Abbott Labs Pakistan.pdf,balance_sheet,unknown,intangible_assets,Intangible assets,,1250.0
Abbott Labs Pakistan.pdf,balance_sheet,unknown,loans_and_advances,Long-term loans and advances,141175.0,114226.0
Abbott Labs Pakistan.pdf,balance_sheet,unknown,long_term_deposits_asset,Long-term deposits,32628.0,7513.0
Abbott Labs Pakistan.pdf,balance_sheet,unknown,prepayments,Long-term prepayments,12395.0,13710.0
Abbott Labs Pakistan.pdf,balance_sheet,unknown,total_non_current_assets,Total Non-Current Assets,15822880.0,14389496.0
Abbott Labs Pakistan.pdf,balance_sheet,unknown,stores_and_spares,Stores and spares,669690.0,529619.0
Abbott Labs Pakistan.pdf,balance_sheet,unknown,inventories,Stock-in-trade,12447838.0,10694515.0
Abbott Labs Pakistan.pdf,balance_sheet,unknown,trade_receivables,Trade debts,2820530.0,2982679.0
Abbott Labs Pakistan.pdf,balance_sheet,unknown,loans_and_advances,Loans and advances,399086.0,938021.0
Abbott Labs Pakistan.pdf,balance_sheet,unknown,prepayments,short-term prepayments,313552.0,283813.0
Abbott Labs Pakistan.pdf,balance_sheet,unknown,other_receivables,Other receivables,1005069.0,1182530.0
Abbott Labs Pakistan.pdf,balance_sheet,unknown,tax_refund_receivable,Taxation - net,,468136.0
Abbott Labs Pakistan.pdf,balance_sheet,unknown,cash_and_bank,Cash and cash equivalents,13337551.0,6182349.0
Abbott Labs Pakistan.pdf,balance_sheet,unknown,total_current_assets,Total Current Assets,30993316.0,23261662.0
Abbott Labs Pakistan.pdf,balance_sheet,unknown,total_assets,TOTAL ASSETS,46816196.0,37651158.0
Abbott Labs Pakistan.pdf,cash_flow,unknown,taxes_paid,Income taxes paid,-5019980.0,-3431236.0
Abbott Labs Pakistan.pdf,cash_flow,unknown,prepayments,Long-term prepayments - net,1315.0,-10283.0
Abbott Labs Pakistan.pdf,cash_flow,unknown,net_cash_from_operations,Net cash inflow/(outflow) from operating activities,10740307.0,4674063.0
Abbott Labs Pakistan.pdf,cash_flow,unknown,property_plant_equipment,"Additions to property, plant and equipment",-3299028.0,-3022082.0
Abbott Labs Pakistan.pdf,cash_flow,unknown,proceeds_disposal_fixed_assets,"Sale proceeds from disposal of property, plant and equipment",280189.0,181547.0
Abbott Labs Pakistan.pdf,cash_flow,unknown,interest_income_received,Interest income,535097.0,472177.0
Abbott Labs Pakistan.pdf,cash_flow,unknown,cash_from_investing,Net cash outflow from investing activities,-2483742.0,-2368358.0
Abbott Labs Pakistan.pdf,cash_flow,unknown,finance_cost_paid,Finance cost paid,-9201.0,-11875.0
Abbott Labs Pakistan.pdf,cash_flow,unknown,lease_liabilities,Interest portion of lease liabilities paid,-66458.0,-11739.0
Abbott Labs Pakistan.pdf,cash_flow,unknown,lease_liabilities,Principal portion of lease liabilities paid,-54141.0,-105990.0
Abbott Labs Pakistan.pdf,cash_flow,unknown,dividend_paid,Dividends paid,-971563.0,-1030464.0
Abbott Labs Pakistan.pdf,cash_flow,unknown,cash_from_financing,Net cash outflow from financing activities,-1101363.0,-1160068.0
Abbott Labs Pakistan.pdf,cash_flow,unknown,net_change_in_cash,Net increase/(decrease) in cash and cash equivalents,7155202.0,1145637.0
Abbott Labs Pakistan.pdf,cash_flow,unknown,cash_at_beginning,Cash and cash equivalents at the beginning of the year,6182349.0,5036712.0
Abbott Labs Pakistan.pdf,cash_flow,unknown,cash_and_equivalents_at_end,Cash and cash equivalents at the end of the year,13337551.0,6182349.0
Abbott Labs Pakistan.pdf,cash_flow,unknown,cash_generated_from_operations,Cash generated from operations,16074607.0,8356459.0
Abbott Labs Pakistan.pdf,cash_flow,unknown,taxes_paid,Income tax paid,-5019980.0,-3325706.0
Abbott Labs Pakistan.pdf,cash_flow,unknown,loans_and_advances,Long-term loans and advances,-26949.0,-18803.0
Abbott Labs Pakistan.pdf,cash_flow,unknown,long_term_deposits,Long term deposits,-25115.0,
Abbott Labs Pakistan.pdf,cash_flow,unknown,prepayments,Long-term prepayments,1315.0,-10283.0
Abbott Labs Pakistan.pdf,cash_flow,unknown,employee_benefits,Contributions to staff retirement benefit funds,-342438.0,-300648.0
Abbott Labs Pakistan.pdf,cash_flow,unknown,net_cash_from_operations,Net cash generated from operating activities,10740307.0,4674063.0
Abbott Labs Pakistan.pdf,cash_flow,unknown,proceeds_disposal_fixed_assets,Sale proceeds from disposal of operating fixed assets,280189.0,181547.0
Abbott Labs Pakistan.pdf,cash_flow,unknown,cash_from_investing,Net cash used in investing activities,-2483742.0,-2368358.0
Abbott Labs Pakistan.pdf,cash_flow,unknown,cash_from_financing,Net cash used in financing activities,-1101363.0,-1160068.0
Abbott Labs Pakistan.pdf,cash_flow,unknown,net_change_in_cash,Net increase in cash and cash equivalents,7155202.0,1145637.0
Abbott Labs Pakistan.pdf,profit_and_loss,unknown,revenue,Sales - net,75397732.0,68177197.0
Abbott Labs Pakistan.pdf,profit_and_loss,unknown,cost_of_sales,Cost of sales,-48945569.0,-48439489.0
Abbott Labs Pakistan.pdf,profit_and_loss,unknown,gross_profit,Gross profit,26452163.0,19737708.0
Abbott Labs Pakistan.pdf,profit_and_loss,unknown,distribution_costs,Selling and distribution expenses,-11085579.0,-9302303.0
Abbott Labs Pakistan.pdf,profit_and_loss,unknown,administrative_expenses,Administrative expenses,-1363604.0,-1169133.0
Abbott Labs Pakistan.pdf,profit_and_loss,unknown,other_income,Other income,1159880.0,723242.0
Abbott Labs Pakistan.pdf,profit_and_loss,unknown,finance_cost,Finance costs,-75659.0,-23614.0
Abbott Labs Pakistan.pdf,profit_and_loss,unknown,profit_before_tax,Profit before income tax,13499557.0,9021989.0
Abbott Labs Pakistan.pdf,profit_and_loss,unknown,taxes_paid,Income tax,-5533057.0,-3787756.0
Abbott Labs Pakistan.pdf,profit_and_loss,unknown,profit_for_the_year,Profit for the year,7966500.0,5234233.0
Abbott Labs Pakistan.pdf,profit_and_loss,unknown,eps,Earnings per share - basic and diluted,81.37,53.46
Attock Cement.pdf,balance_sheet,unknown,total_non_current_assets,Fixed assets,37340023.0,37405300.0
Attock Cement.pdf,balance_sheet,unknown,long_term_investment,Long - term investment,86942.0,70574.0
Attock Cement.pdf,balance_sheet,unknown,loans_and_advances,Long - term loans and advances,57123.0,52576.0
Attock Cement.pdf,balance_sheet,unknown,long_term_deposits_asset,Long - term deposits,99940.0,99940.0
Attock Cement.pdf,balance_sheet,unknown,prepayments,Employee benefit prepayments,,181311.0
Attock Cement.pdf,balance_sheet,unknown,inventories,Inventories,7652895.0,6552573.0
Attock Cement.pdf,balance_sheet,unknown,trade_receivables,Trade receivables - considered good,812385.0,1665507.0
Attock Cement.pdf,balance_sheet,unknown,loans_and_advances,Loans and advances,131502.0,95834.0
Attock Cement.pdf,balance_sheet,unknown,advances_deposits_prepayments,Short - term deposits and prepayments,548854.0,247787.0
Attock Cement.pdf,balance_sheet,unknown,other_receivables,Other receivables,169103.0,139231.0
Attock Cement.pdf,balance_sheet,unknown,tax_refund_due_from_government,Tax refunds due from Government - Sales tax,234802.0,495161.0
Attock Cement.pdf,balance_sheet,unknown,cash_and_bank,Cash and bank balances,1388582.0,954821.0
Attock Cement.pdf,balance_sheet,unknown,total_assets,Total assets,50421714.0,53174029.0
Attock Cement.pdf,balance_sheet,unknown,share_capital,Share capital,1374270.0,1374270.0
Attock Cement.pdf,balance_sheet,unknown,unappropriated_profit,Unappropriated profit,21126609.0,20142373.0
Attock Cement.pdf,balance_sheet,unknown,long_term_loans,Long - term loans,4806612.0,5761696.0
Attock Cement.pdf,balance_sheet,unknown,deferred_government_grant,Deferred income - Government grant,601282.0,836250.0
Attock Cement.pdf,balance_sheet,unknown,lease_liabilities,Lease liabilities,,9671.0
Attock Cement.pdf,balance_sheet,unknown,deferred_tax_liabilities,Deferred tax liabilities,5130434.0,4784919.0
Attock Cement.pdf,balance_sheet,unknown,employee_benefits,Employee benefit obligations,159966.0,48271.0
Attock Cement.pdf,balance_sheet,unknown,trade_payables,Trade and other payables,8062195.0,10318398.0
Attock Cement.pdf,balance_sheet,unknown,unclaimed_dividend,Unclaimed dividend,12387.0,12001.0
Attock Cement.pdf,balance_sheet,unknown,accrued_markup,Accrued mark-up,178568.0,312921.0
Attock Cement.pdf,balance_sheet,unknown,short_term_borrowings,Short - term borrowings,8946111.0,9549626.0
Attock Cement.pdf,balance_sheet,unknown,lease_liabilities,Current portion of lease liabilities,22453.0,23633.0
Attock Cement.pdf,balance_sheet,unknown,total_liabilities,Total liabilities,27920835.0,31657386.0
Attock Cement.pdf,balance_sheet,unknown,total_equity_and_liabilities,Total equity and liabilities,50421714.0,53174029.0
Attock Cement.pdf,cash_flow,unknown,cash_generated_from_operations,Cash generated from operations,2422831.0,40086.0
Attock Cement.pdf,cash_flow,unknown,finance_cost_paid,Finance cost paid - conventional,-2029483.0,-1121110.0
Attock Cement.pdf,cash_flow,unknown,finance_cost_paid,Finance cost paid - islamic,-121986.0,-81745.0
Attock Cement.pdf,cash_flow,unknown,taxes_paid,Income tax and levies - net,-596355.0,-587427.0
Attock Cement.pdf,cash_flow,unknown,loans_and_advances,(Increase) / decrease in long - term loans and advances,-4547.0,
Attock Cement.pdf,cash_flow,unknown,employee_benefits,Employee benefit obligations paid,-64553.0,-112319.0
Attock Cement.pdf,cash_flow,unknown,net_cash_from_operations,Net cash used in operating activities,-394093.0,-1862083.0
Attock Cement.pdf,cash_flow,unknown,capital_expenditure,Fixed capital expenditure incurred,-1286761.0,-3722423.0
Attock Cement.pdf,cash_flow,unknown,divestment_proceeds,Proceeds received against divestment of associate,3260430.0,
Attock Cement.pdf,cash_flow,unknown,proceeds_disposal_fixed_assets,Proceeds from disposal of operating assets,30265.0,32566.0
Attock Cement.pdf,cash_flow,unknown,mutual_fund_purchase,Purchase of mutual fund units,-1350000.0,
Attock Cement.pdf,cash_flow,unknown,mutual_fund_proceeds,Proceeds from sale of mutual fund units,1365191.0,1831150.0
Attock Cement.pdf,cash_flow,unknown,term_deposit_movement,Encashment / (placement) in Term Deposits,212945.0,-212945.0
Attock Cement.pdf,cash_flow,unknown,investment_bond_purchase,Purchase of Pakistan Investment Bond,-29906451.0,
Attock Cement.pdf,cash_flow,unknown,investment_bond_proceeds,Proceeds from sale of Pakistan Investment Bond,30854334.0,
Attock Cement.pdf,cash_flow,unknown,interest_income_received,Mark-up received,85137.0,90390.0
Attock Cement.pdf,cash_flow,unknown,cash_from_investing,Net cash generated from / (used in) investing activities,3265090.0,-1981262.0
Attock Cement.pdf,cash_flow,unknown,dividend_paid,Dividend paid,-549322.0,-1167403.0
Attock Cement.pdf,cash_flow,unknown,repayment_long_term_financing,Repayment of long - term loan,-1081295.0,-1256211.0
Attock Cement.pdf,cash_flow,unknown,export_refinance_obtained,Export refinance loan obtained,10994000.0,5875000.0
Attock Cement.pdf,cash_flow,unknown,export_refinance_repaid,Export refinance loan repaid,-8527200.0,-5247800.0
Attock Cement.pdf,cash_flow,unknown,lease_liabilities,Lease rentals paid,-27904.0,-22070.0
Attock Cement.pdf,cash_flow,unknown,cash_from_financing,Net cash generated from / (used in) financing activities,808279.0,-1818484.0
Attock Cement.pdf,cash_flow,unknown,net_change_in_cash,Net increase / (decrease) in cash and cash equivalents,3679276.0,-5661829.0
Attock Cement.pdf,cash_flow,unknown,cash_at_beginning,Cash and cash equivalents at beginning of the year,-5071255.0,590574.0
Attock Cement.pdf,cash_flow,unknown,cash_and_equivalents_at_end,Cash and cash equivalents at end of the year,-1391979.0,-5071255.0
Attock Cement.pdf,profit_and_loss,unknown,revenue,Revenue from contracts with customers,33309080.0,28536528.0
Attock Cement.pdf,profit_and_loss,unknown,cost_of_sales,Cost of sales,-25336268.0,-23242515.0
Attock Cement.pdf,profit_and_loss,unknown,gross_profit,Gross profit,7972812.0,5294013.0
Attock Cement.pdf,profit_and_loss,unknown,distribution_costs,Distribution costs,-3563371.0,-2590203.0
Attock Cement.pdf,profit_and_loss,unknown,administrative_expenses,Administrative expenses,-988317.0,-791467.0
Attock Cement.pdf,profit_and_loss,unknown,other_expenses,Other expenses,-180835.0,-87234.0
Attock Cement.pdf,profit_and_loss,unknown,other_income,Other income,1433449.0,158911.0
Attock Cement.pdf,profit_and_loss,unknown,profit_from_operations,Profit from operations,4673738.0,1984020.0
Attock Cement.pdf,profit_and_loss,unknown,gain_disposal_subsidiary,Gain on disposal of subsidiary,,4289650.0
Attock Cement.pdf,profit_and_loss,unknown,gain_disposal_subsidiary,Gain on disposal of associate,4320.0,
Attock Cement.pdf,profit_and_loss,unknown,finance_cost,Finance cost,-1837678.0,-339878.0
Attock Cement.pdf,profit_and_loss,unknown,profit_before_tax,Profit before income tax and levies,2856748.0,5947018.0
Attock Cement.pdf,profit_and_loss,unknown,levies,Levies,,-115856.0
Attock Cement.pdf,profit_and_loss,unknown,profit_before_tax,Profit before income tax,2856748.0,5831162.0
Attock Cement.pdf,profit_and_loss,unknown,income_tax_expense,Income tax expense,-1125657.0,-2264640.0
Attock Cement.pdf,profit_and_loss,unknown,profit_for_the_year,Profit for the year,1731091.0,3566522.0
Attock Cement.pdf,profit_and_loss,unknown,total_comprehensive_income,Total comprehensive income for the year,1533944.0,3716258.0
Attock Cement.pdf,profit_and_loss,unknown,diluted_eps,Basic and diluted earnings per share,12.6,25.95
Engro Annual 2025.pdf,balance_sheet,consolidated,property_plant_equipment,"Property, plant and equipment",92391260.0,83137431.0
Engro Annual 2025.pdf,balance_sheet,consolidated,intangible_assets,Intangible assets,4779969.0,5007551.0
Engro Annual 2025.pdf,balance_sheet,consolidated,long_term_investment,Long-term investments,4348915.0,4268249.0
Engro Annual 2025.pdf,balance_sheet,consolidated,deferred_tax_assets,Deferred taxation,1534786.0,
Engro Annual 2025.pdf,balance_sheet,consolidated,long_term_advances_deposits,"Long-term loans, advances and deposits",26738.0,197921.0
Engro Annual 2025.pdf,balance_sheet,consolidated,stores_spares_loose_tools,"Stores, spares and loose tools",9151070.0,8239527.0
Engro Annual 2025.pdf,balance_sheet,consolidated,inventories,Stock-in-trade,25691512.0,26729059.0
Engro Annual 2025.pdf,balance_sheet,consolidated,trade_receivables,Trade debts,16845896.0,8253231.0
Engro Annual 2025.pdf,balance_sheet,consolidated,other_receivables,Other receivables,7834671.0,11995667.0
Engro Annual 2025.pdf,balance_sheet,consolidated,advances_deposits_prepayments,"Loans, advances, deposits and prepayments",3669419.0,4594998.0
Engro Annual 2025.pdf,balance_sheet,consolidated,tax_refund_receivable,Taxation - net,8689083.0,9907395.0
Engro Annual 2025.pdf,balance_sheet,consolidated,short_term_investments,Short-term investments,16012850.0,3690852.0
Engro Annual 2025.pdf,balance_sheet,consolidated,cash_and_bank,Cash and bank balances,8042747.0,4308149.0
Engro Annual 2025.pdf,balance_sheet,consolidated,total_assets,TOTAL ASSETS,199166075.0,170602110.0
Engro Annual 2025.pdf,balance_sheet,consolidated,share_capital,Share capital,13352993.0,13352993.0
Engro Annual 2025.pdf,balance_sheet,consolidated,unappropriated_profit,Unappropriated profit,28047546.0,30790190.0
Engro Annual 2025.pdf,balance_sheet,consolidated,total_equity,TOTAL EQUITY,44747238.0,47458544.0
Engro Annual 2025.pdf,balance_sheet,consolidated,long_term_borrowings,Borrowings,29445959.0,18701703.0
Engro Annual 2025.pdf,balance_sheet,consolidated,deferred_government_grant,Government grant,342634.0,514355.0
Engro Annual 2025.pdf,balance_sheet,consolidated,deferred_tax_liabilities,Deferred taxation,,672844.0
Engro Annual 2025.pdf,balance_sheet,consolidated,deferred_tax_liabilities,Deferred liabilities,34464.0,247520.0
Engro Annual 2025.pdf,balance_sheet,consolidated,trade_payables,Trade and other payables,65699202.0,66606267.0
Engro Annual 2025.pdf,balance_sheet,consolidated,accrued_markup,Accrued interest / mark-up,1434310.0,1209388.0
Engro Annual 2025.pdf,balance_sheet,consolidated,long_term_borrowings,borrowings,14461586.0,2834018.0
Engro Annual 2025.pdf,balance_sheet,consolidated,deferred_government_grant,government grant,171721.0,202737.0
Engro Annual 2025.pdf,balance_sheet,consolidated,deferred_tax_liabilities,deferred liabilities,102437.0,62546.0
Engro Annual 2025.pdf,balance_sheet,consolidated,short_term_borrowings,Short-term borrowings,23022723.0,12451850.0
Engro Annual 2025.pdf,balance_sheet,consolidated,unclaimed_dividend,Unclaimed dividend,145770.0,82307.0
Engro Annual 2025.pdf,balance_sheet,consolidated,total_liabilities,TOTAL LIABILITIES,154418837.0,123143566.0
Engro Annual 2025.pdf,balance_sheet,consolidated,total_equity_and_liabilities,TOTAL EQUITY AND LIABILITIES,199166075.0,170602110.0
Engro Annual 2025.pdf,cash_flow,consolidated,cash_generated_from_operations,Cash generated from operations,45722182.0,31581760.0
Engro Annual 2025.pdf,cash_flow,consolidated,taxes_paid,Taxes paid,-18412358.0,-37529156.0
Engro Annual 2025.pdf,cash_flow,consolidated,long_term_advances_deposits,"Long-term loans, advances and deposits",171183.0,11885.0
Engro Annual 2025.pdf,cash_flow,consolidated,net_cash_from_operations,Net cash generated from / (utlilised in) operating activities,27862002.0,-3946960.0
Engro Annual 2025.pdf,cash_flow,consolidated,property_plant_equipment,"Purchases of property, plant and equipment and intangibles",-14444067.0,-9227357.0
Engro Annual 2025.pdf,cash_flow,consolidated,proceeds_disposal_fixed_assets,Proceeds from disposal of operating assets,1658539.0,1581789.0
Engro Annual 2025.pdf,cash_flow,consolidated,cash_from_investing,Net cash (utilised in) / generated from investing activities,-25188192.0,9410293.0
Engro Annual 2025.pdf,cash_flow,consolidated,long_term_borrowings,Proceeds from long-term borrowings,24000000.0,18000000.0
Engro Annual 2025.pdf,cash_flow,consolidated,short_term_borrowings,Proceeds from short-term borrowings,20500000.0,4500000.0
Engro Annual 2025.pdf,cash_flow,consolidated,short_term_borrowings,Repayment of short-term borrowings,-5000000.0,
Engro Annual 2025.pdf,cash_flow,consolidated,repayment_long_term_financing,Repayments of long-term borrowings,-1830913.0,-2686717.0
Engro Annual 2025.pdf,cash_flow,consolidated,finance_cost_paid,Finance cost paid,-6371947.0,-3018963.0
Engro Annual 2025.pdf,cash_flow,consolidated,dividend_paid,Dividends paid,-25307225.0,-28674928.0
Engro Annual 2025.pdf,cash_flow,consolidated,cash_from_financing,Net cash generated from / (utilised in) financing activities,5989915.0,-11880608.0
Engro Annual 2025.pdf,cash_flow,consolidated,net_change_in_cash,Net increase / (decrease) in cash and cash equivalents,8663725.0,-6417275.0
Engro Annual 2025.pdf,cash_flow,consolidated,cash_at_beginning,Cash and cash equivalents at beginning of the year,-2443701.0,3973574.0
Engro Annual 2025.pdf,cash_flow,consolidated,cash_and_equivalents_at_end,Cash and cash equivalents at end of the year,6220024.0,-2443701.0
Engro Annual 2025.pdf,profit_and_loss,consolidated,revenue,Net sales,237130786.0,256675163.0
Engro Annual 2025.pdf,profit_and_loss,consolidated,cost_of_sales,Cost of sales,-164577790.0,-184751315.0
Engro Annual 2025.pdf,profit_and_loss,consolidated,gross_profit,Gross profit,72552996.0,71923848.0
Engro Annual 2025.pdf,profit_and_loss,consolidated,distribution_costs,Selling and distribution expenses,-20213109.0,-17960843.0
Engro Annual 2025.pdf,profit_and_loss,consolidated,administrative_expenses,Administrative expenses,-4723142.0,-4293398.0
Engro Annual 2025.pdf,profit_and_loss,consolidated,other_income,Other income,2550195.0,2925210.0
Engro Annual 2025.pdf,profit_and_loss,consolidated,other_operating_expenses,Other operating expenses,-4589867.0,-4513406.0
Engro Annual 2025.pdf,profit_and_loss,consolidated,finance_cost,Finance cost,-6170739.0,-4128579.0
Engro Annual 2025.pdf,profit_and_loss,consolidated,profit_before_tax,Profit before taxation,40031049.0,45155920.0
Engro Annual 2025.pdf,profit_and_loss,consolidated,income_tax_expense,Taxation,-17403005.0,-16895682.0
Engro Annual 2025.pdf,profit_and_loss,consolidated,profit_for_the_year,Profit for the year,22628044.0,28260238.0
Engro Annual 2025.pdf,profit_and_loss,consolidated,eps,Earnings per share - basic and diluted,16.95,21.16
Engro Annual 2025.pdf,profit_and_loss,consolidated,employee_benefits,benefits obligations,51373.0,7356.0
Engro Annual 2025.pdf,profit_and_loss,consolidated,employee_benefits,post employment benefits obligations,-20035.0,-2869.0
Engro Annual 2025.pdf,profit_and_loss,consolidated,total_comprehensive_income,Total comprehensive income for the year,22659382.0,28264725.0
Fauji Fertilizers.pdf,balance_sheet,consolidated,share_capital,Share capital,14231086.0,14231086.0
Fauji Fertilizers.pdf,balance_sheet,consolidated,reserves,Capital reserves,44630739.0,41335049.0
Fauji Fertilizers.pdf,balance_sheet,consolidated,reserves,General reserves,8802360.0,8802360.0
Fauji Fertilizers.pdf,balance_sheet,consolidated,unappropriated_profit,Unappropriated profit,184276548.0,172169158.0
Fauji Fertilizers.pdf,balance_sheet,consolidated,non_controlling_interest,Non–controlling interest,4937686.0,3922535.0
Fauji Fertilizers.pdf,balance_sheet,consolidated,long_term_borrowings,Long term borrowings – secured,50817992.0,32491030.0
Fauji Fertilizers.pdf,balance_sheet,consolidated,lease_liabilities,Lease liabilities,396531.0,290770.0
Fauji Fertilizers.pdf,balance_sheet,consolidated,deferred_government_grant,Deferred government grant,48222.0,73400.0
Fauji Fertilizers.pdf,balance_sheet,consolidated,deferred_tax_liabilities,Deferred taxation,35930184.0,30721809.0
Fauji Fertilizers.pdf,balance_sheet,consolidated,current_maturity_long_term_debt,Current portion of long term borrowings – secured,11636683.0,7417960.0
Fauji Fertilizers.pdf,balance_sheet,consolidated,lease_liabilities,Current portion of lease liabilities,105626.0,60377.0
Fauji Fertilizers.pdf,balance_sheet,consolidated,deferred_government_grant,Current portion of deferred government grant,25058.0,30810.0
Fauji Fertilizers.pdf,balance_sheet,consolidated,trade_payables,Trade and other payables,206886556.0,196832347.0
Fauji Fertilizers.pdf,balance_sheet,consolidated,short_term_borrowings,Short term borrowings – secured,22009674.0,38340517.0
Fauji Fertilizers.pdf,balance_sheet,consolidated,unclaimed_dividend,Unclaimed dividend,851778.0,663851.0
Fauji Fertilizers.pdf,balance_sheet,consolidated,provision_for_taxation,Provision for taxation,15398817.0,17930211.0
Fauji Fertilizers.pdf,balance_sheet,consolidated,total_liabilities,TOTAL LIABILITIES,348493210.0,328792821.0
Fauji Fertilizers.pdf,balance_sheet,consolidated,total_equity_and_liabilities,TOTAL EQUITY AND LIABILITIES,613298162.0,573683408.0
Fauji Fertilizers.pdf,balance_sheet,consolidated,property_plant_equipment,"Property, plant and equipment",132494031.0,116419750.0
Fauji Fertilizers.pdf,balance_sheet,consolidated,intangible_assets,Intangible assets,2037672.0,1990233.0
Fauji Fertilizers.pdf,balance_sheet,consolidated,long_term_investment,Long term investments,146225194.0,124629228.0
Fauji Fertilizers.pdf,balance_sheet,consolidated,loans_and_advances,Long term loans and advances – secured,4529993.0,1785266.0
Fauji Fertilizers.pdf,balance_sheet,consolidated,long_term_deposits_asset,Long term deposits and prepayments,146962.0,135045.0
Fauji Fertilizers.pdf,balance_sheet,consolidated,stores_spares_loose_tools,"Stores, spares and loose tools",18100523.0,16187525.0
Fauji Fertilizers.pdf,balance_sheet,consolidated,inventories,Stock in trade,45350440.0,29698865.0
Fauji Fertilizers.pdf,balance_sheet,consolidated,trade_receivables,Trade debts,33901558.0,15315117.0
Fauji Fertilizers.pdf,balance_sheet,consolidated,loans_and_advances,Loans and advances – secured,7554482.0,6715734.0
Fauji Fertilizers.pdf,balance_sheet,consolidated,advances_deposits_prepayments,Deposits and prepayments,1515730.0,1398914.0
Fauji Fertilizers.pdf,balance_sheet,consolidated,other_receivables,Other receivables,8442339.0,21016416.0
Fauji Fertilizers.pdf,balance_sheet,consolidated,short_term_investments,Short term investments,199033962.0,222415276.0
Fauji Fertilizers.pdf,balance_sheet,consolidated,cash_and_bank,Cash and bank balances,13965276.0,15976039.0
Fauji Fertilizers.pdf,balance_sheet,consolidated,total_assets,TOTAL ASSETS,613298162.0,573683408.0
Fauji Fertilizers.pdf,cash_flow,consolidated,cash_generated_from_operations,Cash generated from operations,111479414.0,183664281.0
Fauji Fertilizers.pdf,cash_flow,consolidated,finance_cost_paid,Finance cost paid,-7027990.0,-8766265.0
Fauji Fertilizers.pdf,cash_flow,consolidated,taxes_paid,Income tax paid,-50782957.0,-44865859.0
Fauji Fertilizers.pdf,cash_flow,consolidated,taxes_paid,Levies paid,-117623.0,-1599437.0
Fauji Fertilizers.pdf,cash_flow,consolidated,net_cash_from_operations,Net cash generated from operating activities,53550844.0,128432720.0
Fauji Fertilizers.pdf,cash_flow,consolidated,capital_expenditure,Fixed capital expenditure,-26076843.0,-13759186.0
Fauji Fertilizers.pdf,cash_flow,consolidated,proceeds_disposal_fixed_assets,"Proceeds from disposal of property, plant and equipment",176641.0,112695.0
Fauji Fertilizers.pdf,cash_flow,consolidated,investment_bond_proceeds,Proceeds from disposal of investment property –,,855958.0
Fauji Fertilizers.pdf,cash_flow,consolidated,interest_income_received,Interest and profit received,2337449.0,3400965.0
Fauji Fertilizers.pdf,cash_flow,consolidated,dividend_income,Dividend received,13369449.0,3249627.0
Fauji Fertilizers.pdf,cash_flow,consolidated,cash_from_investing,Net cash (used in) investing activities,-13192148.0,-14986188.0
Fauji Fertilizers.pdf,cash_flow,consolidated,prepayments,Repayments,-7457479.0,-30099850.0
Fauji Fertilizers.pdf,cash_flow,consolidated,lease_liabilities,Repayment of lease liabilities,-172815.0,-85614.0
Fauji Fertilizers.pdf,cash_flow,consolidated,dividend_paid,Dividend paid,-71010880.0,-25739051.0
Fauji Fertilizers.pdf,cash_flow,consolidated,cash_from_financing,Net cash (used in) financing activities,-48638010.0,-35612648.0
Fauji Fertilizers.pdf,cash_flow,consolidated,net_change_in_cash,Net (decrease) / increase in cash and cash equivalents,-8279314.0,77833884.0
Fauji Fertilizers.pdf,cash_flow,consolidated,cash_at_beginning,Cash and cash equivalents at beginning of the year,191619934.0,86315120.0
Fauji Fertilizers.pdf,cash_flow,consolidated,foreign_exchange_difference,Effect of exchange rate changes,-854486.0,-263891.0
Fauji Fertilizers.pdf,cash_flow,consolidated,cash_and_bank,Acquisition of cash and cash equivalents pursuant to merger,,27734821.0
Fauji Fertilizers.pdf,cash_flow,consolidated,cash_and_equivalents_at_end,Cash and cash equivalents at end of the year,182486134.0,191619934.0
Fauji Fertilizers.pdf,profit_and_loss,consolidated,revenue,Turnover – net,483807560.0,411254410.0
Fauji Fertilizers.pdf,profit_and_loss,consolidated,cost_of_sales,Cost of sales,-334927990.0,-267509156.0
Fauji Fertilizers.pdf,profit_and_loss,consolidated,gross_profit,GROSS PROFIT,148879570.0,143745254.0
Fauji Fertilizers.pdf,profit_and_loss,consolidated,distribution_costs,Administrative and distribution expenses,-38085058.0,-31986143.0
Fauji Fertilizers.pdf,profit_and_loss,consolidated,finance_cost,Finance costs,-7115236.0,-7852760.0
Fauji Fertilizers.pdf,profit_and_loss,consolidated,other_expenses,Other expenses,-11241113.0,-10305414.0
Fauji Fertilizers.pdf,profit_and_loss,consolidated,other_income,Other income,18675087.0,27030585.0
Fauji Fertilizers.pdf,profit_and_loss,consolidated,share_of_profit_of_associates,Share of profit of associates and joint venture,25188663.0,23723249.0
Fauji Fertilizers.pdf,profit_and_loss,consolidated,profit_before_tax,PROFIT BEFORE INCOME TAX AND LEVIES,136301913.0,142939365.0
Fauji Fertilizers.pdf,profit_and_loss,consolidated,profit_before_tax,PROFIT BEFORE INCOME TAX,136181769.0,140589545.0
Fauji Fertilizers.pdf,profit_and_loss,consolidated,provision_for_taxation,Provision for taxation,-51235462.0,-55064201.0
Fauji Fertilizers.pdf,profit_and_loss,consolidated,profit_for_the_year,PROFIT FOR THE YEAR,84946307.0,85525344.0
Fauji Fertilizers.pdf,profit_and_loss,consolidated,non_controlling_interest,Non – controlling interest,1775488.0,1145851.0
Fauji Fertilizers.pdf,profit_and_loss,consolidated,eps,Earnings per share – basic and diluted (Rupees),58.44,59.29
Gul Ahmed Annual 2025.pdf,balance_sheet,consolidated,property_plant_equipment,"Property, plant and equipment",55384267.0,54341947.0
Gul Ahmed Annual 2025.pdf,balance_sheet,consolidated,right_of_use_assets,Right of use assets,4247834.0,2818151.0
Gul Ahmed Annual 2025.pdf,balance_sheet,consolidated,intangible_assets,Intangible assets,181206.0,182858.0
Gul Ahmed Annual 2025.pdf,balance_sheet,consolidated,long_term_investment,Long term investment,70000.0,70000.0
Gul Ahmed Annual 2025.pdf,balance_sheet,consolidated,long_term_loans,Long term loans,21487.0,17939.0
Gul Ahmed Annual 2025.pdf,balance_sheet,consolidated,long_term_deposits_asset,Long term deposits,512483.0,518467.0
Gul Ahmed Annual 2025.pdf,balance_sheet,consolidated,deferred_tax_assets,Deferred taxation - net,1004141.0,1115326.0
Gul Ahmed Annual 2025.pdf,balance_sheet,consolidated,total_non_current_assets,Total non-current assets,61421418.0,59064688.0
Gul Ahmed Annual 2025.pdf,balance_sheet,consolidated,stores_spares_loose_tools,"Store, spares and loose tools",2856321.0,2727361.0
Gul Ahmed Annual 2025.pdf,balance_sheet,consolidated,inventories,Stock-in-trade,72901493.0,57358906.0
Gul Ahmed Annual 2025.pdf,balance_sheet,consolidated,trade_receivables,Trade debts,21520605.0,20719045.0
Gul Ahmed Annual 2025.pdf,balance_sheet,consolidated,other_receivables,"Loans, advances and other receivables",5664884.0,4347029.0
Gul Ahmed Annual 2025.pdf,balance_sheet,consolidated,prepayments,Short term prepayments,184658.0,145872.0
Gul Ahmed Annual 2025.pdf,balance_sheet,consolidated,receivables_from_government,Receivables from government,5729576.0,3493969.0
Gul Ahmed Annual 2025.pdf,balance_sheet,consolidated,short_term_investments,Short term investment,,1243.0
Gul Ahmed Annual 2025.pdf,balance_sheet,consolidated,cash_and_bank,Cash and bank balances,559457.0,1081768.0
Gul Ahmed Annual 2025.pdf,balance_sheet,consolidated,total_current_assets,Total current assets,109416994.0,89875193.0
Gul Ahmed Annual 2025.pdf,balance_sheet,consolidated,total_assets,Total Assets,170838412.0,148939881.0
Gul Ahmed Annual 2025.pdf,balance_sheet,consolidated,share_capital,Share capital,7400594.0,7400594.0
Gul Ahmed Annual 2025.pdf,balance_sheet,consolidated,reserves,Reserves,44439603.0,39927105.0
Gul Ahmed Annual 2025.pdf,balance_sheet,consolidated,total_share_capital_and_reserves,Total share capital and reserves,51840197.0,47327699.0
Gul Ahmed Annual 2025.pdf,balance_sheet,consolidated,long_term_borrowings,Long term financing,18392475.0,14591587.0
Gul Ahmed Annual 2025.pdf,balance_sheet,consolidated,lease_liabilities,Lease liability against right of use assets,4383400.0,3189839.0
Gul Ahmed Annual 2025.pdf,balance_sheet,consolidated,deferred_government_grant,Deferred income - government grant,50620.0,74655.0
Gul Ahmed Annual 2025.pdf,balance_sheet,consolidated,employee_benefits,Defined benefit plan - staff gratuity,475267.0,528898.0
Gul Ahmed Annual 2025.pdf,balance_sheet,consolidated,long_term_deposits_liability,Long term deposits,22269.0,19769.0
Gul Ahmed Annual 2025.pdf,balance_sheet,consolidated,total_non_current_liabilities,Total non-current liabilities,23324031.0,18404748.0
Gul Ahmed Annual 2025.pdf,balance_sheet,consolidated,trade_payables,Trade and other payables,31843262.0,34321875.0
Gul Ahmed Annual 2025.pdf,balance_sheet,consolidated,accrued_markup,Accrued mark-up / profit,886790.0,1403751.0
Gul Ahmed Annual 2025.pdf,balance_sheet,consolidated,short_term_borrowings,Short term borrowings,56082057.0,42494328.0
Gul Ahmed Annual 2025.pdf,balance_sheet,consolidated,current_portion_non_current_liabilities,Current portion of non-current liabilities,4996906.0,3810360.0
Gul Ahmed Annual 2025.pdf,balance_sheet,consolidated,unclaimed_dividend,Unclaimed dividend,9365.0,9840.0
Gul Ahmed Annual 2025.pdf,balance_sheet,consolidated,unpaid_dividend,Unpaid dividend,23505.0,23505.0
Gul Ahmed Annual 2025.pdf,balance_sheet,consolidated,taxation_net,Taxation-net,1832299.0,1143775.0
Gul Ahmed Annual 2025.pdf,balance_sheet,consolidated,total_current_liabilities,Total current liabilities,95674184.0,83207434.0
Gul Ahmed Annual 2025.pdf,balance_sheet,consolidated,total_equity_and_liabilities,Total Equity and Liabilities,170838412.0,148939881.0
Gul Ahmed Annual 2025.pdf,balance_sheet,consolidated,revenue,Revenue from contracts with customers,185541432.0,172479728.0
Gul Ahmed Annual 2025.pdf,balance_sheet,consolidated,cost_of_sales,Cost of sales,-153463906.0,-143735509.0
Gul Ahmed Annual 2025.pdf,balance_sheet,consolidated,gross_profit,Gross profit,32077526.0,28744219.0
Gul Ahmed Annual 2025.pdf,balance_sheet,consolidated,distribution_costs,Selling and distribution cost,-11321307.0,-10000783.0
Gul Ahmed Annual 2025.pdf,balance_sheet,consolidated,administrative_expenses,Administrative cost,-6835488.0,-5946963.0
Gul Ahmed Annual 2025.pdf,balance_sheet,consolidated,other_expenses,Other expense,-573947.0,-572192.0
Gul Ahmed Annual 2025.pdf,balance_sheet,consolidated,profit_from_operations,Operating profit,13346784.0,12224281.0
Gul Ahmed Annual 2025.pdf,balance_sheet,consolidated,other_income,Other income,1170239.0,2155433.0
Gul Ahmed Annual 2025.pdf,balance_sheet,consolidated,finance_cost,Finance costs,-7960656.0,-7664182.0
Gul Ahmed Annual 2025.pdf,balance_sheet,consolidated,profit_before_tax,Profit before levies and taxation,6556367.0,6715532.0
Gul Ahmed Annual 2025.pdf,balance_sheet,consolidated,levies,Levies,-1692863.0,-2235322.0
Gul Ahmed Annual 2025.pdf,balance_sheet,consolidated,profit_before_tax,Profit before taxation,4863504.0,4480210.0
Gul Ahmed Annual 2025.pdf,balance_sheet,consolidated,income_tax_expense,Taxation,-409085.0,371753.0
Gul Ahmed Annual 2025.pdf,balance_sheet,consolidated,profit_for_the_year,Profit for the year,4454419.0,4851963.0
Gul Ahmed Annual 2025.pdf,balance_sheet,consolidated,eps,Earnings per share - basic and diluted,6.02,6.56
Gul Ahmed Annual 2025.pdf,cash_flow,consolidated,profit_before_tax,Profit before taxation,4863504.0,4480210.0
Gul Ahmed Annual 2025.pdf,cash_flow,consolidated,depreciation_operating_fixed_assets,Depreciation of operating fixed assets,5114568.0,4967334.0
Gul Ahmed Annual 2025.pdf,cash_flow,consolidated,depreciation_rou_assets,Depreciation of right of use assets,993728.0,706250.0
Gul Ahmed Annual 2025.pdf,cash_flow,consolidated,amortisation_intangibles,Amortisation of intangible assets,32478.0,38514.0
Gul Ahmed Annual 2025.pdf,cash_flow,consolidated,employee_benefits_expense,Expense recognised for defined benefit plan,268770.0,236932.0
Gul Ahmed Annual 2025.pdf,cash_flow,consolidated,finance_cost,Finance costs,7960656.0,7664182.0
Gul Ahmed Annual 2025.pdf,cash_flow,consolidated,reversal_provision_stores_spares,Reversal of provision for slow moving - stores and spares,-51249.0,-148345.0
Gul Ahmed Annual 2025.pdf,cash_flow,consolidated,reversal_provision_stock_in_trade,Reversal of provison for slow moving - stock-in-trade,-174464.0,-12028.0
Gul Ahmed Annual 2025.pdf,cash_flow,consolidated,levies,Levies,1692863.0,2235322.0
Gul Ahmed Annual 2025.pdf,cash_flow,consolidated,unclaimed_liabilities_written_back,Unclaimed liabilities written back,-13794.0,-3910.0
Gul Ahmed Annual 2025.pdf,cash_flow,consolidated,dividend_income,Dividend income,,-1462.0
Gul Ahmed Annual 2025.pdf,cash_flow,consolidated,government_grant_income,Government grant recognised in income,-28251.0,-32088.0
Gul Ahmed Annual 2025.pdf,cash_flow,consolidated,loss_reassessment_rou_lease,Loss on reassessment of right of use asset and corresponding lease liability,46930.0,9902.0
Gul Ahmed Annual 2025.pdf,cash_flow,consolidated,loss_disposal_fixed_assets,Loss on disposal of operating fixed assets,52272.0,57358.0
Gul Ahmed Annual 2025.pdf,cash_flow,consolidated,credit_loss_trade_debts,Expected credit loss on trade debts,-58900.0,-226929.0
Gul Ahmed Annual 2025.pdf,cash_flow,consolidated,stores_spares_loose_tools,"Store, spares and loose tools",-77711.0,-665956.0
Gul Ahmed Annual 2025.pdf,cash_flow,consolidated,inventories,Stock-in-trade,-15368123.0,-9763874.0
Gul Ahmed Annual 2025.pdf,cash_flow,consolidated,trade_receivables,Trade debts,-742660.0,-3870569.0
Gul Ahmed Annual 2025.pdf,cash_flow,consolidated,other_receivables,"Loans, advances and other receivables",-1317855.0,-912675.0
Gul Ahmed Annual 2025.pdf,cash_flow,consolidated,prepayments,Short term prepayments,-38786.0,126662.0
Gul Ahmed Annual 2025.pdf,cash_flow,consolidated,receivables_from_government,Receivables from government,-246549.0,187888.0
Gul Ahmed Annual 2025.pdf,cash_flow,consolidated,trade_payables,Trade and other payables,-2478613.0,4339813.0
Gul Ahmed Annual 2025.pdf,cash_flow,consolidated,net_decrease_working_capital,Net decrease in working capital,-20270297.0,-10558711.0
Gul Ahmed Annual 2025.pdf,cash_flow,consolidated,cash_generated_from_operations,Cash generated from operating activities,428814.0,9412531.0
Gul Ahmed Annual 2025.pdf,cash_flow,consolidated,employee_benefits,Payment made to defined benefit plan,-245621.0,-83420.0
Gul Ahmed Annual 2025.pdf,cash_flow,consolidated,finance_cost_paid,Finance costs paid,-7824746.0,-8274854.0
Gul Ahmed Annual 2025.pdf,cash_flow,consolidated,taxes_paid,Levies and taxes paid,-3292766.0,-1812551.0
Gul Ahmed Annual 2025.pdf,cash_flow,consolidated,net_cash_from_operations,Net cash used in operating activities,-10934319.0,-758294.0
Gul Ahmed Annual 2025.pdf,cash_flow,consolidated,capital_expenditure,"Payments for acquisition of property, plant and equipment",-6118696.0,-4175596.0
Gul Ahmed Annual 2025.pdf,cash_flow,consolidated,acquisition_intangible_assets,Payments for acquisition of intangible assets,-18477.0,-28535.0
Gul Ahmed Annual 2025.pdf,cash_flow,consolidated,proceeds_disposal_fixed_assets,Proceeds from disposal of operating fixed assets,35463.0,37515.0
Gul Ahmed Annual 2025.pdf,cash_flow,consolidated,short_term_investment_made,Short term investment made,,-601243.0
Gul Ahmed Annual 2025.pdf,cash_flow,consolidated,short_term_investment_redeemed,Short term investment redeemed,1243.0,600000.0
Gul Ahmed Annual 2025.pdf,cash_flow,consolidated,dividend_income,Dividend income received,,1462.0
Gul Ahmed Annual 2025.pdf,cash_flow,consolidated,long_term_loans,Long term loans,-3548.0,49962.0
Gul Ahmed Annual 2025.pdf,cash_flow,consolidated,long_term_deposits,Long term deposits,8484.0,-38684.0
Gul Ahmed Annual 2025.pdf,cash_flow,consolidated,cash_from_investing,Net cash used in investing activities,-6095531.0,-4155119.0
Gul Ahmed Annual 2025.pdf,cash_flow,consolidated,long_term_borrowings,Proceeds from long term financing,7700000.0,358000.0
Gul Ahmed Annual 2025.pdf,cash_flow,consolidated,repayment_long_term_financing,Repayment of long term financing,-3283119.0,-5777758.0
Gul Ahmed Annual 2025.pdf,cash_flow,consolidated,lease_liabilities,Payments against lease liabilities,-1477737.0,-1044823.0
Gul Ahmed Annual 2025.pdf,cash_flow,consolidated,short_term_borrowings,Increase in short term borrowings-net,12893950.0,8499688.0
Gul Ahmed Annual 2025.pdf,cash_flow,consolidated,dividend_paid,Dividend paid,-475.0,-91.0
Gul Ahmed Annual 2025.pdf,cash_flow,consolidated,cash_from_financing,Net cash generated from financing activities,15832621.0,2035016.0
Gul Ahmed Annual 2025.pdf,cash_flow,consolidated,foreign_exchange_difference,Exchange loss on translation,-18861.0,-43899.0
Gul Ahmed Annual 2025.pdf,cash_flow,consolidated,net_change_in_cash,Net decrease in cash and cash equivalents,-1216090.0,-2922296.0
Gul Ahmed Annual 2025.pdf,cash_flow,consolidated,cash_at_beginning,Cash and cash equivalents at the beginning of the year,-4453603.0,-1531307.0
Gul Ahmed Annual 2025.pdf,cash_flow,consolidated,cash_and_equivalents_at_end,Cash and cash equivalents at the end of the year,-5669693.0,-4453603.0
Gul Ahmed Annual 2025.pdf,profit_and_loss,consolidated,property_plant_equipment,"Property, plant and equipment",55384267.0,54341947.0
Gul Ahmed Annual 2025.pdf,profit_and_loss,consolidated,right_of_use_assets,Right of use assets,4247834.0,2818151.0
Gul Ahmed Annual 2025.pdf,profit_and_loss,consolidated,intangible_assets,Intangible assets,181206.0,182858.0
Gul Ahmed Annual 2025.pdf,profit_and_loss,consolidated,long_term_investment,Long term investment,70000.0,70000.0
Gul Ahmed Annual 2025.pdf,profit_and_loss,consolidated,long_term_loans,Long term loans,21487.0,17939.0
Gul Ahmed Annual 2025.pdf,profit_and_loss,consolidated,long_term_deposits,Long term deposits,512483.0,518467.0
Gul Ahmed Annual 2025.pdf,profit_and_loss,consolidated,deferred_tax_liabilities,Deferred taxation - net,1004141.0,1115326.0
Gul Ahmed Annual 2025.pdf,profit_and_loss,consolidated,total_non_current_assets,Total non-current assets,61421418.0,59064688.0
Gul Ahmed Annual 2025.pdf,profit_and_loss,consolidated,stores_spares_loose_tools,"Store, spares and loose tools",2856321.0,2727361.0
Gul Ahmed Annual 2025.pdf,profit_and_loss,consolidated,inventories,Stock-in-trade,72901493.0,57358906.0
Gul Ahmed Annual 2025.pdf,profit_and_loss,consolidated,trade_receivables,Trade debts,21520605.0,20719045.0
Gul Ahmed Annual 2025.pdf,profit_and_loss,consolidated,other_receivables,"Loans, advances and other receivables",5664884.0,4347029.0
Gul Ahmed Annual 2025.pdf,profit_and_loss,consolidated,prepayments,Short term prepayments,184658.0,145872.0
Gul Ahmed Annual 2025.pdf,profit_and_loss,consolidated,receivables_from_government,Receivables from government,5729576.0,3493969.0
Gul Ahmed Annual 2025.pdf,profit_and_loss,consolidated,short_term_investments,Short term investment,,1243.0
Gul Ahmed Annual 2025.pdf,profit_and_loss,consolidated,cash_and_bank,Cash and bank balances,559457.0,1081768.0
Gul Ahmed Annual 2025.pdf,profit_and_loss,consolidated,total_current_assets,Total current assets,109416994.0,89875193.0
Gul Ahmed Annual 2025.pdf,profit_and_loss,consolidated,total_assets,Total Assets,170838412.0,148939881.0
Gul Ahmed Annual 2025.pdf,profit_and_loss,consolidated,share_capital,Share capital,7400594.0,7400594.0
Gul Ahmed Annual 2025.pdf,profit_and_loss,consolidated,reserves,Reserves,44439603.0,39927105.0
Gul Ahmed Annual 2025.pdf,profit_and_loss,consolidated,total_share_capital_and_reserves,Total share capital and reserves,51840197.0,47327699.0
Gul Ahmed Annual 2025.pdf,profit_and_loss,consolidated,long_term_borrowings,Long term financing,18392475.0,14591587.0
Gul Ahmed Annual 2025.pdf,profit_and_loss,consolidated,lease_liabilities,Lease liability against right of use assets,4383400.0,3189839.0
Gul Ahmed Annual 2025.pdf,profit_and_loss,consolidated,deferred_government_grant,Deferred income - government grant,50620.0,74655.0
Gul Ahmed Annual 2025.pdf,profit_and_loss,consolidated,employee_benefits,Defined benefit plan - staff gratuity,475267.0,528898.0
Gul Ahmed Annual 2025.pdf,profit_and_loss,consolidated,long_term_deposits,Long term deposits,22269.0,19769.0
Gul Ahmed Annual 2025.pdf,profit_and_loss,consolidated,total_non_current_liabilities,Total non-current liabilities,23324031.0,18404748.0
Gul Ahmed Annual 2025.pdf,profit_and_loss,consolidated,trade_payables,Trade and other payables,31843262.0,34321875.0
Gul Ahmed Annual 2025.pdf,profit_and_loss,consolidated,accrued_markup,Accrued mark-up / profit,886790.0,1403751.0
Gul Ahmed Annual 2025.pdf,profit_and_loss,consolidated,short_term_borrowings,Short term borrowings,56082057.0,42494328.0
Gul Ahmed Annual 2025.pdf,profit_and_loss,consolidated,current_portion_non_current_liabilities,Current portion of non-current liabilities,4996906.0,3810360.0
Gul Ahmed Annual 2025.pdf,profit_and_loss,consolidated,unclaimed_dividend,Unclaimed dividend,9365.0,9840.0
Gul Ahmed Annual 2025.pdf,profit_and_loss,consolidated,unpaid_dividend,Unpaid dividend,23505.0,23505.0
Gul Ahmed Annual 2025.pdf,profit_and_loss,consolidated,taxation_net,Taxation-net,1832299.0,1143775.0
Gul Ahmed Annual 2025.pdf,profit_and_loss,consolidated,total_current_liabilities,Total current liabilities,95674184.0,83207434.0
Gul Ahmed Annual 2025.pdf,profit_and_loss,consolidated,total_equity_and_liabilities,Total Equity and Liabilities,170838412.0,148939881.0
Gul Ahmed Annual 2025.pdf,profit_and_loss,consolidated,revenue,Revenue from contracts with customers,185541432.0,172479728.0
Gul Ahmed Annual 2025.pdf,profit_and_loss,consolidated,cost_of_sales,Cost of sales,-153463906.0,-143735509.0
Gul Ahmed Annual 2025.pdf,profit_and_loss,consolidated,gross_profit,Gross profit,32077526.0,28744219.0
Gul Ahmed Annual 2025.pdf,profit_and_loss,consolidated,distribution_costs,Selling and distribution cost,-11321307.0,-10000783.0
Gul Ahmed Annual 2025.pdf,profit_and_loss,consolidated,administrative_expenses,Administrative cost,-6835488.0,-5946963.0
Gul Ahmed Annual 2025.pdf,profit_and_loss,consolidated,other_expenses,Other expense,-573947.0,-572192.0
Gul Ahmed Annual 2025.pdf,profit_and_loss,consolidated,profit_from_operations,Operating profit,13346784.0,12224281.0
Gul Ahmed Annual 2025.pdf,profit_and_loss,consolidated,other_income,Other income,1170239.0,2155433.0
Gul Ahmed Annual 2025.pdf,profit_and_loss,consolidated,finance_cost,Finance costs,-7960656.0,-7664182.0
Gul Ahmed Annual 2025.pdf,profit_and_loss,consolidated,profit_before_tax,Profit before levies and taxation,6556367.0,6715532.0
Gul Ahmed Annual 2025.pdf,profit_and_loss,consolidated,levies,Levies,-1692863.0,-2235322.0
Gul Ahmed Annual 2025.pdf,profit_and_loss,consolidated,profit_before_tax,Profit before taxation,4863504.0,4480210.0
Gul Ahmed Annual 2025.pdf,profit_and_loss,consolidated,income_tax_expense,Taxation,-409085.0,371753.0
Gul Ahmed Annual 2025.pdf,profit_and_loss,consolidated,profit_for_the_year,Profit for the year,4454419.0,4851963.0
Gul Ahmed Annual 2025.pdf,profit_and_loss,consolidated,eps,Earnings per share - basic and diluted,6.02,6.56
Indus Motor.pdf,balance_sheet,unknown,property_plant_equipment,"Property, plant and equipment",20422998.0,23480794.0
Indus Motor.pdf,balance_sheet,unknown,intangible_assets,Intangible assets,77203.0,66578.0
Indus Motor.pdf,balance_sheet,unknown,loans_and_advances,Long-term loans and advances,72255.0,85462.0
Indus Motor.pdf,balance_sheet,unknown,long_term_deposits_asset,Long-term deposits,12273.0,10020.0
Indus Motor.pdf,balance_sheet,unknown,deferred_tax_assets,Deferred taxation - net,2951523.0,2756998.0
Indus Motor.pdf,balance_sheet,unknown,stores_and_spares,Stores and spares,587753.0,755609.0
Indus Motor.pdf,balance_sheet,unknown,inventories,Stock-in-trade,21766847.0,22825648.0
Indus Motor.pdf,balance_sheet,unknown,trade_receivables,Trade debts - unsecured,9913463.0,5993138.0
Indus Motor.pdf,balance_sheet,unknown,loans_and_advances,Loans and advances,2625337.0,2976680.0
Indus Motor.pdf,balance_sheet,unknown,prepayments,Short-term prepayments,77850.0,90964.0
Indus Motor.pdf,balance_sheet,unknown,other_receivables,Other receivables,3971281.0,2996515.0
Indus Motor.pdf,balance_sheet,unknown,short_term_investments,Short-term investments,116863133.0,76540835.0
Indus Motor.pdf,balance_sheet,unknown,cash_and_bank,Cash and bank balances,5397774.0,7240410.0
Indus Motor.pdf,balance_sheet,unknown,total_assets,TOTAL ASSETS,184774378.0,145819651.0
Indus Motor.pdf,balance_sheet,unknown,share_capital,"Issued, subscribed and paid-up capital",786000.0,786000.0
Indus Motor.pdf,balance_sheet,unknown,reserves,Reserves,76166638.0,66440443.0
Indus Motor.pdf,balance_sheet,unknown,long_term_loans,Long-term loan,159929.0,199912.0
Indus Motor.pdf,balance_sheet,unknown,deferred_revenue,Deferred revenue,20785.0,12902.0
Indus Motor.pdf,balance_sheet,unknown,current_maturity_long_term_debt,Current portion of long-term loan,39983.0,39983.0
Indus Motor.pdf,balance_sheet,unknown,employee_benefits,Current portion of deferred revenue,15897.0,11278.0
Indus Motor.pdf,balance_sheet,unknown,unclaimed_dividend,Unclaimed dividend,337656.0,295064.0
Indus Motor.pdf,balance_sheet,unknown,unpaid_dividend,Unpaid dividend,246910.0,115429.0
Indus Motor.pdf,balance_sheet,unknown,trade_payables,Trade and other payables,58738325.0,42273963.0
Indus Motor.pdf,balance_sheet,unknown,income_tax_expense,Taxation - net,9403397.0,8224060.0
Indus Motor.pdf,balance_sheet,unknown,total_liabilities,Total Liabilities,107821740.0,78593208.0
Indus Motor.pdf,balance_sheet,unknown,total_equity_and_liabilities,TOTAL EQUITY AND LIABILITIES,184774378.0,145819651.0
Indus Motor.pdf,cash_flow,unknown,cash_generated_from_operations,Cash generated from operations,57491429.0,49527630.0
Indus Motor.pdf,cash_flow,unknown,long_term_advances_deposits,Net decrease / (increase) in long-term loans and advances,10954.0,-9002.0
Indus Motor.pdf,cash_flow,unknown,deferred_revenue,Increase in deferred revenue,7883.0,10402.0
Indus Motor.pdf,cash_flow,unknown,workers_profit_participation_fund,Payment to Workers’ Profit Participation Fund,-2050003.0,-1546247.0
Indus Motor.pdf,cash_flow,unknown,workers_welfare_fund,Payment to Workers’ Welfare Fund,-466549.0,-334983.0
Indus Motor.pdf,cash_flow,unknown,net_cash_from_operations,Net cash generated from operating activities,41237421.0,37088854.0
Indus Motor.pdf,cash_flow,unknown,property_plant_equipment,"Purchase of property, plant and equipment and intangible assets",-3284288.0,-5040461.0
Indus Motor.pdf,cash_flow,unknown,proceeds_disposal_fixed_assets,"Proceeds from disposal of property, plant and equipment",342816.0,185589.0
Indus Motor.pdf,cash_flow,unknown,interest_income_received,Interest received on Pakistan Investment Bonds,,848202.0
Indus Motor.pdf,cash_flow,unknown,investment_bond_proceeds,Proceeds from sale / maturity of Pakistan Investment Bonds - net,1002616.0,10424135.0
Indus Motor.pdf,cash_flow,unknown,investment_bond_proceeds,Proceeds from sale of / (investment in) listed mutual fund units - net,3171629.0,-30151454.0
Indus Motor.pdf,cash_flow,unknown,interest_income_received,Interest received on Market Treasury Bills,372018.0,88760.0
Indus Motor.pdf,cash_flow,unknown,cash_from_investing,Net cash used in investing activities,-22360388.0,-36577916.0
Indus Motor.pdf,cash_flow,unknown,dividend_paid,Dividend paid,-13109327.0,-11169936.0
Indus Motor.pdf,cash_flow,unknown,cash_from_financing,Net cash used in financing activities,-13149310.0,-11209919.0
Indus Motor.pdf,cash_flow,unknown,net_change_in_cash,Net increase / (decrease) in cash and cash equivalents,5727723.0,-10698981.0
Indus Motor.pdf,cash_flow,unknown,cash_at_beginning,Cash and cash equivalents at beginning of the year,14107143.0,24806124.0
Indus Motor.pdf,cash_flow,unknown,cash_and_equivalents_at_end,Cash and cash equivalents at end of the year,19834866.0,14107143.0
Indus Motor.pdf,profit_and_loss,unknown,revenue,Revenue from contracts with customers,215136582.0,152481025.0
Indus Motor.pdf,profit_and_loss,unknown,cost_of_sales,Cost of sales,-183941195.0,-133098723.0
Indus Motor.pdf,profit_and_loss,unknown,gross_profit,Gross profit,31195387.0,19382302.0
Indus Motor.pdf,profit_and_loss,unknown,distribution_costs,Distribution expenses,-2263836.0,-5541811.0
Indus Motor.pdf,profit_and_loss,unknown,administrative_expenses,Administrative expenses,-3601033.0,-2643029.0
Indus Motor.pdf,profit_and_loss,unknown,other_operating_expenses,Other operating expenses,-243953.0,-177903.0
Indus Motor.pdf,profit_and_loss,unknown,workers_profit_participation_fund,Workers’ Profit Participation Fund and Workers’ Welfare Fund,-2101774.0,-1178053.0
Indus Motor.pdf,profit_and_loss,unknown,profit_from_operations,Net profit from operations,22984791.0,9841506.0
Indus Motor.pdf,profit_and_loss,unknown,other_income,Other income,14949419.0,13656239.0
Indus Motor.pdf,profit_and_loss,unknown,finance_cost,Finance costs,-263733.0,-170291.0
Indus Motor.pdf,profit_and_loss,unknown,profit_before_tax,Profit before taxation and levy,37670477.0,23327454.0
Indus Motor.pdf,profit_and_loss,unknown,profit_before_tax,Profit before taxation,37489342.0,22712870.0
Indus Motor.pdf,profit_and_loss,unknown,income_tax_expense,Taxation,-14479683.0,-7640444.0
Indus Motor.pdf,profit_and_loss,unknown,profit_for_the_year,Profit after taxation,23009659.0,15072426.0
Indus Motor.pdf,profit_and_loss,unknown,eps,Earnings per share - basic and diluted,292.74,191.76
JS BankLtd.pdf,balance_sheet,consolidated,cash_and_balances_with_banks,Cash and balances with treasury banks,112518691.0,84152368.0
JS BankLtd.pdf,balance_sheet,consolidated,lendings_to_financial_institutions,Lendings to financial institutions,38838746.0,4257928.0
JS BankLtd.pdf,balance_sheet,consolidated,long_term_investment,Investments,581458618.0,629466174.0
JS BankLtd.pdf,balance_sheet,consolidated,prepayments,Advances,542341772.0,521272420.0
JS BankLtd.pdf,balance_sheet,consolidated,depreciation_amortisation,Property and equipment,39242673.0,28175404.0
JS BankLtd.pdf,balance_sheet,consolidated,right_of_use_assets,Right-of-use assets,8968662.0,7078577.0
JS BankLtd.pdf,balance_sheet,consolidated,intangible_assets,Intangible assets,12465883.0,12259952.0
JS BankLtd.pdf,balance_sheet,consolidated,deferred_tax_assets,Deferred tax assets,3356645.0,
JS BankLtd.pdf,balance_sheet,consolidated,total_assets,Total Assets,1415623704.0,1359043128.0
JS BankLtd.pdf,balance_sheet,consolidated,bills_payable,Bills payable,17734525.0,21899370.0
JS BankLtd.pdf,balance_sheet,consolidated,long_term_borrowings,Borrowings,40741188.0,114360666.0
JS BankLtd.pdf,balance_sheet,consolidated,lease_liabilities,Lease liabilities,10055035.0,7845190.0
JS BankLtd.pdf,balance_sheet,consolidated,deferred_tax_liabilities,Deferred tax liabilities,,2452165.0
JS BankLtd.pdf,balance_sheet,consolidated,contract_liabilities,Other liabilities,55046690.0,42370206.0
JS BankLtd.pdf,balance_sheet,consolidated,total_liabilities,Total Liabilities,1334500069.0,1282246574.0
JS BankLtd.pdf,balance_sheet,consolidated,contract_assets,NET ASSETS,81123635.0,76796554.0
JS BankLtd.pdf,balance_sheet,consolidated,share_capital,Share capital,20506625.0,20506625.0
JS BankLtd.pdf,balance_sheet,consolidated,reserves,Reserves,11087154.0,9618250.0
JS BankLtd.pdf,balance_sheet,consolidated,surplus_on_revaluation,Surplus on revaluation of assets,5529752.0,8134496.0
JS BankLtd.pdf,balance_sheet,consolidated,unappropriated_profit,Unappropriated profit,31287298.0,26121333.0
JS BankLtd.pdf,balance_sheet,consolidated,non_controlling_interest,Non-controlling interest,12712806.0,12415850.0
JS BankLtd.pdf,cash_flow,consolidated,profit_before_tax,Profit before taxation,19300966.0,30679165.0
JS BankLtd.pdf,cash_flow,consolidated,dividend_income,Less: Dividend income,-556713.0,-451838.0
JS BankLtd.pdf,cash_flow,consolidated,share_of_profit_of_associates,Share of profit / (loss) of associates,-418902.0,-409539.0
JS BankLtd.pdf,cash_flow,consolidated,net_markup_income,Net mark-up / interest income,-64486258.0,-74002495.0
JS BankLtd.pdf,cash_flow,consolidated,depreciation_amortisation,Depreciation on property and equipment,3862022.0,3080948.0
JS BankLtd.pdf,cash_flow,consolidated,depreciation_amortisation,Depreciation on non-banking assets,41444.0,37939.0
JS BankLtd.pdf,cash_flow,consolidated,depreciation_rou_assets,Depreciation on right-of-use assets,3440858.0,2713926.0
JS BankLtd.pdf,cash_flow,consolidated,depreciation_amortisation,Amortisation,1089552.0,803164.0
JS BankLtd.pdf,cash_flow,consolidated,credit_loss_allowance,Credit loss allowance and write offs - net,2982127.0,7414240.0
JS BankLtd.pdf,cash_flow,consolidated,employee_benefits,Charge for defined benefit plan,281762.0,462822.0
JS BankLtd.pdf,cash_flow,consolidated,workers_welfare_fund,Provision for workers' welfare fund,440851.0,669542.0
JS BankLtd.pdf,cash_flow,consolidated,lendings_to_financial_institutions,Lendings to financial institutions,-34570674.0,12247450.0
JS BankLtd.pdf,cash_flow,consolidated,prepayments,Advances,-23326306.0,-102902213.0
JS BankLtd.pdf,cash_flow,consolidated,bills_payable,Bills payable,-4164845.0,11105472.0
JS BankLtd.pdf,cash_flow,consolidated,borrowings_from_fis,Borrowings from financial institutions,-74177167.0,29282478.0
JS BankLtd.pdf,cash_flow,consolidated,interest_income_received,Interest received,153536702.0,235373654.0
JS BankLtd.pdf,cash_flow,consolidated,interest_income_received,Interest paid,-86857909.0,-148937271.0
JS BankLtd.pdf,cash_flow,consolidated,taxes_paid,Income tax paid,-19932045.0,-22678524.0
JS BankLtd.pdf,cash_flow,consolidated,net_cash_from_operations,Net cash flow generated from operating activities,10729894.0,47702176.0
JS BankLtd.pdf,cash_flow,consolidated,investment_in_associates,Net investments in associates,1107204.0,-961433.0
JS BankLtd.pdf,cash_flow,consolidated,dividend_income,Dividend received,556713.0,454208.0
JS BankLtd.pdf,cash_flow,consolidated,depreciation_amortisation,Acquisition of property and equipment,-12441866.0,-6297867.0
JS BankLtd.pdf,cash_flow,consolidated,proceeds_disposal_fixed_assets,Proceeds from sale of property and equipment,593303.0,181705.0
JS BankLtd.pdf,cash_flow,consolidated,acquisition_intangible_assets,Acquisition of intangible assets,-1298775.0,-3022031.0
JS BankLtd.pdf,cash_flow,consolidated,cash_from_investing,Net cash flow generated from / (used in) investing activities,24593277.0,-41802396.0
JS BankLtd.pdf,cash_flow,consolidated,right_of_use_assets,Payments of lease obligations against right-of-use assets,-4399116.0,-4023523.0
JS BankLtd.pdf,cash_flow,consolidated,dividend_paid,Dividend paid to NCI,-758701.0,-689728.0
JS BankLtd.pdf,cash_flow,consolidated,cash_from_financing,Net cash flow used in financing activities,-5159635.0,-4565214.0
JS BankLtd.pdf,cash_flow,consolidated,net_change_in_cash,Increase in cash and cash equivalents,30163536.0,1334566.0
JS BankLtd.pdf,cash_flow,consolidated,cash_at_beginning,Cash and cash equivalents at beginning of the year,88269697.0,86935131.0
JS BankLtd.pdf,cash_flow,consolidated,cash_and_equivalents_at_end,Cash and cash equivalents at end of the year,118433233.0,88269697.0
JS BankLtd.pdf,profit_and_loss,consolidated,net_markup_income,Net mark-up / interest / profit,63056497.0,74002495.0
JS BankLtd.pdf,profit_and_loss,consolidated,fee_and_commission_income,Fee and commission income,11565719.0,8944939.0
JS BankLtd.pdf,profit_and_loss,consolidated,dividend_income,Dividend income,556713.0,451838.0
JS BankLtd.pdf,profit_and_loss,consolidated,foreign_exchange_difference,Foreign exchange income,3293477.0,4629745.0
JS BankLtd.pdf,profit_and_loss,consolidated,share_of_profit_of_associates,Share of profit / (loss) of associates,418902.0,409539.0
JS BankLtd.pdf,profit_and_loss,consolidated,other_income,Other income,635380.0,288837.0
JS BankLtd.pdf,profit_and_loss,consolidated,net_markup_income,Total non mark-up / interest income,24032305.0,16245311.0
JS BankLtd.pdf,profit_and_loss,consolidated,other_operating_expenses,Operating expenses,64071764.0,51350253.0
JS BankLtd.pdf,profit_and_loss,consolidated,workers_welfare_fund,Workers' welfare fund,440851.0,669542.0
JS BankLtd.pdf,profit_and_loss,consolidated,credit_loss_allowance,Credit loss allowance and write offs - net,2909863.0,7414240.0
JS BankLtd.pdf,profit_and_loss,consolidated,profit_before_tax,Profit before taxation,19300966.0,30679165.0
JS BankLtd.pdf,profit_and_loss,consolidated,income_tax_expense,Taxation,11761738.0,17319093.0
JS BankLtd.pdf,profit_and_loss,consolidated,profit_for_the_year,Profit after taxation,7539228.0,13360072.0
JS BankLtd.pdf,profit_and_loss,consolidated,non_controlling_interest,Non-controlling interest,1712248.0,3050703.0
JS BankLtd.pdf,profit_and_loss,consolidated,eps,Earnings per share - basic and diluted,2.84,5.03
JS BankLtd.pdf,profit_and_loss,consolidated,profit_for_the_year,Profit after taxation for the year,7539228.0,13360072.0
JS BankLtd.pdf,profit_and_loss,consolidated,property_plant_equipment,property and equipment - net of tax,1410268.0,688289.0
JS BankLtd.pdf,profit_and_loss,consolidated,total_comprehensive_income,Total comprehensive income,5072666.0,17893944.0
JS BankLtd.pdf,profit_and_loss,consolidated,non_controlling_interest,Non-controlling interest,1055657.0,3815216.0
K-electric LImited.pdf,balance_sheet,consolidated,property_plant_equipment,"Property, plant and equipment",489283684.0,424070268.0
K-electric LImited.pdf,balance_sheet,consolidated,intangible_assets,Intangible assets,518889.0,389270.0
K-electric LImited.pdf,balance_sheet,consolidated,investment_property,Investment property,2925942.0,2986899.0
K-electric LImited.pdf,balance_sheet,consolidated,long_term_loans,Long-term loans,11899.0,13865.0
K-electric LImited.pdf,balance_sheet,consolidated,long_term_deposits_asset,Long-term deposits,14600.0,11744.0
K-electric LImited.pdf,balance_sheet,consolidated,deferred_tax_assets,Deferred tax asset,27868.0,
K-electric LImited.pdf,balance_sheet,consolidated,inventories,Inventories,17105276.0,16082872.0
K-electric LImited.pdf,balance_sheet,consolidated,trade_receivables,Trade debts,136963108.0,104714380.0
K-electric LImited.pdf,balance_sheet,consolidated,loans_and_advances,Loans and advances,1689165.0,2587658.0
K-electric LImited.pdf,balance_sheet,consolidated,prepayments,Deposits and short-term prepayments,8057751.0,4006201.0
K-electric LImited.pdf,balance_sheet,consolidated,other_receivables,Other receivables,375198048.0,274973980.0
K-electric LImited.pdf,balance_sheet,consolidated,current_maturity_long_term_debt,Current maturity of other financial assets - at amortised cost,1088032.0,
K-electric LImited.pdf,balance_sheet,consolidated,derivative_financial_instruments,Derivative financial assets,8033631.0,3276351.0
K-electric LImited.pdf,balance_sheet,consolidated,cash_and_bank,Cash and bank balances,2899473.0,2551633.0
K-electric LImited.pdf,balance_sheet,consolidated,total_assets,TOTAL ASSETS,1060140634.0,835665121.0
K-electric LImited.pdf,balance_sheet,consolidated,share_capital,"Issued, subscribed and paid-up capital",96261551.0,96261551.0
K-electric LImited.pdf,balance_sheet,consolidated,surplus_on_revaluation,"Revaluation surplus on property, plant and equipment",69713296.0,55932669.0
K-electric LImited.pdf,balance_sheet,consolidated,reserves,General reserves,5372356.0,5372356.0
K-electric LImited.pdf,balance_sheet,consolidated,unappropriated_profit,Unappropriated profit,76742861.0,64357550.0
K-electric LImited.pdf,balance_sheet,consolidated,total_equity,TOTAL EQUITY,250099236.0,223933298.0
K-electric LImited.pdf,balance_sheet,consolidated,repayment_long_term_financing,Long-term financing,130660289.0,35650703.0
K-electric LImited.pdf,balance_sheet,consolidated,lease_liabilities,Lease liabilities,164701.0,100342.0
K-electric LImited.pdf,balance_sheet,consolidated,long_term_deposits_liability,Long-term deposits,13976931.0,12866349.0
K-electric LImited.pdf,balance_sheet,consolidated,employee_benefits,Employee retirement benefits,5492679.0,4717134.0
K-electric LImited.pdf,balance_sheet,consolidated,deferred_revenue,Deferred revenue,30580528.0,27697647.0
K-electric LImited.pdf,balance_sheet,consolidated,current_maturity_long_term_debt,Current maturity of long-term diminishing musharaka,3750000.0,4400000.0
K-electric LImited.pdf,balance_sheet,consolidated,current_maturity_long_term_debt,Current maturity of long-term financing,19888341.0,12330261.0
K-electric LImited.pdf,balance_sheet,consolidated,lease_liabilities,Current maturity of lease liabilities,32750.0,31723.0
K-electric LImited.pdf,balance_sheet,consolidated,trade_payables,Trade and other payables,439323801.0,353860690.0
K-electric LImited.pdf,balance_sheet,consolidated,accrued_markup,Accrued mark-up,10629604.0,8858167.0
K-electric LImited.pdf,balance_sheet,consolidated,income_tax_expense,Taxation - net,897273.0,51692.0
K-electric LImited.pdf,balance_sheet,consolidated,short_term_borrowings,Short-term borrowings,107535452.0,107023197.0
K-electric LImited.pdf,balance_sheet,consolidated,short_term_deposits,Short-term deposits,26012012.0,19372118.0
K-electric LImited.pdf,balance_sheet,consolidated,provision_for_taxation,Provision,18492.0,7500.0
K-electric LImited.pdf,balance_sheet,consolidated,total_liabilities,TOTAL LIABILITIES,810041398.0,611731823.0
K-electric LImited.pdf,balance_sheet,consolidated,total_equity_and_liabilities,TOTAL EQUITY AND LIABILITIES,1060140634.0,835665121.0
K-electric LImited.pdf,cash_flow,consolidated,profit_before_tax,Profit before taxation,5569843.0,15327628.0
K-electric LImited.pdf,cash_flow,consolidated,depreciation_amortisation,Depreciation and amortisation,20834758.0,19407955.0
K-electric LImited.pdf,cash_flow,consolidated,employee_benefits,Provision for employee retirement benefits,1061766.0,1024492.0
K-electric LImited.pdf,cash_flow,consolidated,other_receivables,Impairment loss against trade debts and other receivables,24847537.0,15743291.0
K-electric LImited.pdf,cash_flow,consolidated,property_plant_equipment,"Gain on sale of property, plant and equipment",-2194267.0,-1887009.0
K-electric LImited.pdf,cash_flow,consolidated,derivative_financial_instruments,Unrealised loss / (gain) on derivative financial assets,-5997523.0,518836.0
K-electric LImited.pdf,cash_flow,consolidated,long_term_deposits,Interest income on term deposits,-31575.0,
K-electric LImited.pdf,cash_flow,consolidated,depreciation_amortisation,Amortisation of transaction cost,330133.0,292701.0
K-electric LImited.pdf,cash_flow,consolidated,security_deposits,Reversal of interest accrued on security deposits,-1962573.0,
K-electric LImited.pdf,cash_flow,consolidated,deferred_revenue,Amortisation of deferred revenue,-2405777.0,-2193134.0
K-electric LImited.pdf,cash_flow,consolidated,profit_from_operations,Operating profit before working capital changes,66499334.0,57955877.0
K-electric LImited.pdf,cash_flow,consolidated,inventories,Inventories,-1240867.0,-3330907.0
K-electric LImited.pdf,cash_flow,consolidated,trade_receivables,Trade debts,-51581534.0,-20625808.0
K-electric LImited.pdf,cash_flow,consolidated,loans_and_advances,Loans and advances,898493.0,-781242.0
K-electric LImited.pdf,cash_flow,consolidated,prepayments,Deposits and short term prepayments,-4054407.0,-411037.0
K-electric LImited.pdf,cash_flow,consolidated,other_receivables,Other receivables,-105707224.0,-62931626.0
K-electric LImited.pdf,cash_flow,consolidated,trade_payables,Trade and other payables,82212439.0,86229710.0
K-electric LImited.pdf,cash_flow,consolidated,short_term_deposits,Short-term deposits,4229771.0,-52191.0
K-electric LImited.pdf,cash_flow,consolidated,cash_generated_from_operations,Cash (used in) / generated from operations,-8743995.0,56052776.0
K-electric LImited.pdf,cash_flow,consolidated,employee_benefits,Employee retirement benefits paid,-398004.0,-1731671.0
K-electric LImited.pdf,cash_flow,consolidated,taxes_paid,Income tax paid,-3511014.0,-2744078.0
K-electric LImited.pdf,cash_flow,consolidated,deferred_revenue,Receipts in deferred revenue,5288658.0,5076643.0
K-electric LImited.pdf,cash_flow,consolidated,finance_cost_paid,Finance cost paid,-20120911.0,-14575732.0
K-electric LImited.pdf,cash_flow,consolidated,interest_income_received,Interest received on bank deposits,450032.0,231891.0
K-electric LImited.pdf,cash_flow,consolidated,long_term_loans,Long-term loans,1966.0,2664.0
K-electric LImited.pdf,cash_flow,consolidated,long_term_deposits,Long-term deposits,,-486.0
K-electric LImited.pdf,cash_flow,consolidated,net_cash_from_operations,Net cash (used in) / generated from operating activities,-27058918.0,42259107.0
K-electric LImited.pdf,cash_flow,consolidated,capital_expenditure,Capital expenditure incurred,-51262747.0,-76567636.0
K-electric LImited.pdf,cash_flow,consolidated,proceeds_disposal_fixed_assets,"Proceeds from disposal of property, plant and equipment",4003158.0,2283807.0
K-electric LImited.pdf,cash_flow,consolidated,cash_from_investing,Net cash used in investing activities,-63764433.0,-74283829.0
K-electric LImited.pdf,cash_flow,consolidated,repayment_long_term_financing,Repayment of long-term diminishing musharaka - net,-4400000.0,-3241590.0
K-electric LImited.pdf,cash_flow,consolidated,prepayments,Lease payments,-53827.0,-45215.0
K-electric LImited.pdf,cash_flow,consolidated,security_deposits,Security deposit from consumers,1110582.0,1147489.0
K-electric LImited.pdf,cash_flow,consolidated,cash_from_financing,Net cash generated from financing activities,84800060.0,22061442.0
K-electric LImited.pdf,cash_flow,consolidated,net_change_in_cash,Net decrease in cash and cash equivalents,-6023291.0,-9963280.0
K-electric LImited.pdf,cash_flow,consolidated,cash_at_beginning,Cash and cash equivalents at beginning of the year,-35798805.0,-25835525.0
K-electric LImited.pdf,cash_flow,consolidated,cash_and_equivalents_at_end,Cash and cash equivalents at end of the year,-41822096.0,-35798805.0
K-electric LImited.pdf,profit_and_loss,consolidated,revenue,Net revenue,346384175.0,255006208.0
K-electric LImited.pdf,profit_and_loss,consolidated,cost_of_sales,Other cost of sales,-271230.0,
K-electric LImited.pdf,profit_and_loss,consolidated,gross_profit,GROSS PROFIT,72438028.0,59194590.0
K-electric LImited.pdf,profit_and_loss,consolidated,administrative_expenses,Consumers services and administrative expenses,-27691234.0,-25242321.0
K-electric LImited.pdf,profit_and_loss,consolidated,other_receivables,Impairment loss against trade debts and other receivables,-24847537.0,-15743291.0
K-electric LImited.pdf,profit_and_loss,consolidated,other_operating_expenses,Other operating expenses,-9413621.0,-1559592.0
K-electric LImited.pdf,profit_and_loss,consolidated,other_income,Other income,10206869.0,9791234.0
K-electric LImited.pdf,profit_and_loss,consolidated,finance_cost,PROFIT BEFORE FINANCE COST,20692505.0,26440620.0
K-electric LImited.pdf,profit_and_loss,consolidated,finance_cost,Finance cost,-15122662.0,-11112992.0
K-electric LImited.pdf,profit_and_loss,consolidated,profit_before_tax,PROFIT BEFORE TAXATION,5569843.0,15327628.0
K-electric LImited.pdf,profit_and_loss,consolidated,profit_for_the_year,PROFIT FOR THE YEAR,8469314.0,11979964.0
K-electric LImited.pdf,profit_and_loss,consolidated,depreciation_amortisation,AND AMORTISATION (EBITDA),41527263.0,45848575.0
K-electric LImited.pdf,profit_and_loss,consolidated,eps,EARNING PER SHARE - BASIC AND DILUTED,0.31,0.43
K-electric LImited.pdf,profit_and_loss,consolidated,profit_for_the_year,Net profit for the year,8469314.0,11979964.0
K-electric LImited.pdf,profit_and_loss,consolidated,employee_benefits,Remeasurement of post employee benefit obligations,-111783.0,-162274.0
K-electric LImited.pdf,profit_and_loss,consolidated,income_tax_expense,Less: Taxation thereon,32417.0,47059.0
K-electric LImited.pdf,profit_and_loss,consolidated,income_tax_expense,Less: Taxation thereon,-7260616.0,-575988.0
K-electric LImited.pdf,profit_and_loss,consolidated,total_comprehensive_income,Total comprehensive income for the year,26165938.0,13274927.0
Lucky Cement Limited.pdf,balance_sheet,consolidated,property_plant_equipment,"Property, plant and equipment",305340294.0,298571892.0
Lucky Cement Limited.pdf,balance_sheet,consolidated,intangible_assets,Intangible assets,8112396.0,6625546.0
Lucky Cement Limited.pdf,balance_sheet,consolidated,right_of_use_assets,Right–of–use assets,368211.0,182457.0
Lucky Cement Limited.pdf,balance_sheet,consolidated,long_term_investment,Long–term investments,92217941.0,78083162.0
Lucky Cement Limited.pdf,balance_sheet,consolidated,long_term_advances_deposits,"Long–term loans, advances and deposits",1683076.0,1065591.0
Lucky Cement Limited.pdf,balance_sheet,consolidated,trade_receivables,Long term trade debts,1085658.0,502317.0
Lucky Cement Limited.pdf,balance_sheet,consolidated,stores_and_spares,Stores and spares,29585458.0,24834721.0
Lucky Cement Limited.pdf,balance_sheet,consolidated,inventories,Stock–in–trade,61689309.0,68049161.0
Lucky Cement Limited.pdf,balance_sheet,consolidated,trade_receivables,Trade debts,61738176.0,67225170.0
Lucky Cement Limited.pdf,balance_sheet,consolidated,loans_and_advances,Loans and advances,3489610.0,3468097.0
Lucky Cement Limited.pdf,balance_sheet,consolidated,advances_deposits_prepayments,Deposits and prepayments,7047694.0,6296487.0
Lucky Cement Limited.pdf,balance_sheet,consolidated,other_receivables,Other receivables,14552293.0,17191874.0
Lucky Cement Limited.pdf,balance_sheet,consolidated,tax_refund_due_from_government,Tax refunds due from the Government,538812.0,538812.0
Lucky Cement Limited.pdf,balance_sheet,consolidated,tax_refund_due_from_government,Taxation receivable,136119.0,163398.0
Lucky Cement Limited.pdf,balance_sheet,consolidated,short_term_investments,Short–term investments,80091215.0,44899062.0
Lucky Cement Limited.pdf,balance_sheet,consolidated,cash_and_bank,Cash and bank balances,61685366.0,41963878.0
Lucky Cement Limited.pdf,balance_sheet,consolidated,total_assets,TOTAL ASSETS,729361628.0,659661625.0
Lucky Cement Limited.pdf,balance_sheet,consolidated,share_capital,Share capital,2930000.0,2930000.0
Lucky Cement Limited.pdf,balance_sheet,consolidated,reserves,Reserves,344371028.0,270695520.0
Lucky Cement Limited.pdf,balance_sheet,consolidated,equity_attributable_to_parent,Attributable to the owners of the Holding Company,347301028.0,273625520.0
Lucky Cement Limited.pdf,balance_sheet,consolidated,non_controlling_interest,Non–controlling interest,40740410.0,37005928.0
Lucky Cement Limited.pdf,balance_sheet,consolidated,total_equity,Total equity,388041438.0,310631448.0
Lucky Cement Limited.pdf,balance_sheet,consolidated,long_term_deposits_liability,Long–term deposits and other liabilities,8623090.0,9861994.0
Lucky Cement Limited.pdf,balance_sheet,consolidated,long_term_borrowings,Long–term finance,117625786.0,124167975.0
Lucky Cement Limited.pdf,balance_sheet,consolidated,lease_liabilities,Lease liabilities,307146.0,157478.0
Lucky Cement Limited.pdf,balance_sheet,consolidated,deferred_government_grant,Deferred Government grant,2648059.0,3412709.0
Lucky Cement Limited.pdf,balance_sheet,consolidated,deferred_tax_liabilities,Deferred liabilities,34342438.0,27638646.0
Lucky Cement Limited.pdf,balance_sheet,consolidated,trade_payables,Trade and other payables,80989867.0,77016266.0
Lucky Cement Limited.pdf,balance_sheet,consolidated,current_maturity_long_term_debt,Current portion of long–term finance,13181508.0,11567233.0
Lucky Cement Limited.pdf,balance_sheet,consolidated,taxation_net,Taxation – net,25406151.0,21065055.0
Lucky Cement Limited.pdf,balance_sheet,consolidated,short_term_borrowings,Short–term borrowings,54787977.0,69878771.0
Lucky Cement Limited.pdf,balance_sheet,consolidated,lease_liabilities,Current portion of lease liabilities,81649.0,38547.0
Lucky Cement Limited.pdf,balance_sheet,consolidated,unclaimed_dividend,Unclaimed dividend,65745.0,59148.0
Lucky Cement Limited.pdf,balance_sheet,consolidated,total_equity_and_liabilities,TOTAL EQUITY AND LIABILITIES,729361628.0,659661625.0
Lucky Cement Limited.pdf,cash_flow,consolidated,cash_generated_from_operations,Cash generated from operations,133694930.0,86151570.0
Lucky Cement Limited.pdf,cash_flow,consolidated,finance_cost_paid,Finance cost paid,-26343120.0,-37548473.0
Lucky Cement Limited.pdf,cash_flow,consolidated,taxes_paid,Income tax paid,-11768602.0,-7749823.0
Lucky Cement Limited.pdf,cash_flow,consolidated,employee_benefits,Staff retirement benefits paid,-418970.0,-316682.0
Lucky Cement Limited.pdf,cash_flow,consolidated,long_term_deposits,Long term deposits – net –,,-5757.0
Lucky Cement Limited.pdf,cash_flow,consolidated,loans_and_advances,Increase in long–term loans and advances,-617485.0,-233771.0
Lucky Cement Limited.pdf,cash_flow,consolidated,net_cash_from_operations,Net cash generated from operating activities,96742214.0,45207351.0
Lucky Cement Limited.pdf,cash_flow,consolidated,capital_expenditure,Fixed capital expenditure,-20981028.0,-24812205.0
Lucky Cement Limited.pdf,cash_flow,consolidated,short_term_investments,Dividends received on short term investments,8735075.0,7605308.0
Lucky Cement Limited.pdf,cash_flow,consolidated,acquisition_intangible_assets,Payment for acquisition of business,-5000000.0,
Lucky Cement Limited.pdf,cash_flow,consolidated,proceeds_disposal_fixed_assets,"Sale proceeds on disposal of property, plant and equipment",488232.0,421155.0
Lucky Cement Limited.pdf,cash_flow,consolidated,cash_from_investing,Net cash used in investing activities,-11664508.0,-13253119.0
Lucky Cement Limited.pdf,cash_flow,consolidated,long_term_borrowings,Long–term finance repaid,-5692564.0,-10024236.0
Lucky Cement Limited.pdf,cash_flow,consolidated,equity_attributable_to_parent,Dividend paid to owners of the Holding Company,-4388403.0,-5443084.0
Lucky Cement Limited.pdf,cash_flow,consolidated,non_controlling_interest,Dividend paid to non–controlling interest,-3788308.0,-3070884.0
Lucky Cement Limited.pdf,cash_flow,consolidated,short_term_borrowings,Short term borrowings – net,-15980961.0,6739686.0
Lucky Cement Limited.pdf,cash_flow,consolidated,lease_liabilities,Payment against lease liability,-184529.0,-131893.0
Lucky Cement Limited.pdf,cash_flow,consolidated,long_term_deposits,Long–term deposits and other liabilities,-1238904.0,
Lucky Cement Limited.pdf,cash_flow,consolidated,cash_from_financing,Net cash used in from financing activities,-31273669.0,-24050180.0
Lucky Cement Limited.pdf,cash_flow,consolidated,net_change_in_cash,Net increase in cash and cash equivalents,53804037.0,7634552.0
Lucky Cement Limited.pdf,cash_flow,consolidated,cash_at_beginning,Cash and cash equivalents at the beginning of the year,77623341.0,70004715.0
Lucky Cement Limited.pdf,cash_flow,consolidated,cash_and_bank,Effect of foreign currency translation on cash and cash equivalents,242110.0,-15926.0
Lucky Cement Limited.pdf,cash_flow,consolidated,cash_and_equivalents_at_end,Cash and cash equivalents at the end of the year,131669488.0,77623341.0
Lucky Cement Limited.pdf,profit_and_loss,consolidated,revenue,Gross Revenue,559204434.0,489363447.0
Lucky Cement Limited.pdf,profit_and_loss,consolidated,revenue,Net Revenue,449629947.0,410995183.0
Lucky Cement Limited.pdf,profit_and_loss,consolidated,cost_of_sales,Cost of sales,-326892051.0,-287478242.0
Lucky Cement Limited.pdf,profit_and_loss,consolidated,gross_profit,Gross profit,122737896.0,123516941.0
Lucky Cement Limited.pdf,profit_and_loss,consolidated,distribution_costs,Distribution cost,-17254021.0,-15785531.0
Lucky Cement Limited.pdf,profit_and_loss,consolidated,administrative_expenses,Administrative expenses,-7559413.0,-7652978.0
Lucky Cement Limited.pdf,profit_and_loss,consolidated,finance_cost,Finance cost,-25498349.0,-36698507.0
Lucky Cement Limited.pdf,profit_and_loss,consolidated,other_expenses,Other expenses,-4728985.0,-3674585.0
Lucky Cement Limited.pdf,profit_and_loss,consolidated,other_income,Other income,20320672.0,16185370.0
Lucky Cement Limited.pdf,profit_and_loss,consolidated,profit_before_tax,Profit before taxation and levy,106090350.0,92100328.0
Lucky Cement Limited.pdf,profit_and_loss,consolidated,profit_before_tax,Profit before taxation,105746566.0,90301772.0
Lucky Cement Limited.pdf,profit_and_loss,consolidated,income_tax_expense,Taxation,-21248189.0,-17965025.0
Lucky Cement Limited.pdf,profit_and_loss,consolidated,profit_for_the_year,Profit after taxation,84498377.0,72336747.0
Lucky Cement Limited.pdf,profit_and_loss,consolidated,equity_attributable_to_parent,Owners of the Holding Company,76956147.0,65555505.0
Lucky Cement Limited.pdf,profit_and_loss,consolidated,non_controlling_interest,Non–controlling interest,7542230.0,6781242.0
Lucky Cement Limited.pdf,profit_and_loss,consolidated,eps,Earnings per share - basic and diluted,52.53,44.1
Lucky Cement Limited.pdf,profit_and_loss,consolidated,foreign_exchange_difference,Foreign exchange differences on translation of foreign operations,1689986.0,-1728162.0
Lucky Cement Limited.pdf,profit_and_loss,consolidated,deferred_tax_liabilities,Deferred tax thereon,387780.0,14828.0
Lucky Cement Limited.pdf,profit_and_loss,consolidated,deferred_tax_liabilities,Deferred tax thereon,-3460.0,-1197.0
Lucky Cement Limited.pdf,profit_and_loss,consolidated,total_comprehensive_income,Total comprehensive income for the year,85593298.0,70544659.0
Lucky Cement Limited.pdf,profit_and_loss,consolidated,equity_attributable_to_parent,Owners of the Holding Company,78070508.0,63718285.0
Lucky Cement Limited.pdf,profit_and_loss,consolidated,non_controlling_interest,Non–controlling interest,7522790.0,6826374.0
MCB Limited.pdf,balance_sheet,consolidated,cash_and_balances_with_banks,Cash and balances with treasury banks,211224339.0,186680045.0
MCB Limited.pdf,balance_sheet,consolidated,lendings_to_financial_institutions,Lendings to financial institutions,99041793.0,57655504.0
MCB Limited.pdf,balance_sheet,consolidated,long_term_investment,Investments,2099046161.0,1306556156.0
MCB Limited.pdf,balance_sheet,consolidated,prepayments,Advances,821711633.0,1165914626.0
MCB Limited.pdf,balance_sheet,consolidated,depreciation_amortisation,Property and equipment,103683770.0,88019025.0
MCB Limited.pdf,balance_sheet,consolidated,right_of_use_assets,Right–of–use assets,10442271.0,8452814.0
MCB Limited.pdf,balance_sheet,consolidated,intangible_assets,Intangible assets,3453209.0,2650482.0
MCB Limited.pdf,balance_sheet,consolidated,total_assets,Total Assets,3578741706.0,3009721756.0
MCB Limited.pdf,balance_sheet,consolidated,bills_payable,Bills payable,31132570.0,53421951.0
MCB Limited.pdf,balance_sheet,consolidated,long_term_borrowings,Borrowings,476169106.0,320236834.0
MCB Limited.pdf,balance_sheet,consolidated,lease_liabilities,Lease liabilities,15505119.0,12663814.0
MCB Limited.pdf,balance_sheet,consolidated,deferred_tax_liabilities,Deferred tax liabilities,49340982.0,20824376.0
MCB Limited.pdf,balance_sheet,consolidated,contract_liabilities,Other liabilities,139912047.0,184802159.0
MCB Limited.pdf,balance_sheet,consolidated,total_liabilities,Total Liabilities,3241563045.0,2722474512.0
MCB Limited.pdf,balance_sheet,consolidated,contract_assets,NET ASSETS,337178661.0,287247244.0
MCB Limited.pdf,balance_sheet,consolidated,share_capital,Share capital,11850600.0,11850600.0
MCB Limited.pdf,balance_sheet,consolidated,reserves,Reserves,113681018.0,108157770.0
MCB Limited.pdf,balance_sheet,consolidated,surplus_on_revaluation,Surplus on revaluation of assets,74810215.0,45811069.0
MCB Limited.pdf,balance_sheet,consolidated,unappropriated_profit,Unappropriated profit,136068597.0,120926276.0
MCB Limited.pdf,balance_sheet,consolidated,non_controlling_interest,Non–controlling interest,768231.0,501529.0
MCB Limited.pdf,cash_flow,consolidated,profit_before_tax,Profit before taxation,125118917.0,131177019.0
MCB Limited.pdf,cash_flow,consolidated,share_of_profit_of_associates,Less: Dividend income and share of profit of associates,-7276574.0,-5370935.0
MCB Limited.pdf,cash_flow,consolidated,net_markup_income,Net–mark–up / interest income,-161203074.0,-167947353.0
MCB Limited.pdf,cash_flow,consolidated,depreciation_amortisation,Depreciation on property and equipment,5294504.0,4507526.0
MCB Limited.pdf,cash_flow,consolidated,depreciation_rou_assets,Depreciation on right–of–use assets,2706766.0,2365859.0
MCB Limited.pdf,cash_flow,consolidated,depreciation_amortisation,Amortization,665266.0,766220.0
MCB Limited.pdf,cash_flow,consolidated,credit_loss_allowance,Credit loss allowance and write offs – net,-5066789.0,4878210.0
MCB Limited.pdf,cash_flow,consolidated,workers_welfare_fund,Workers Welfare Fund,2471691.0,2599084.0
MCB Limited.pdf,cash_flow,consolidated,lease_liabilities,Finance charges on lease liability against right–of–use assets,2368490.0,1959921.0
MCB Limited.pdf,cash_flow,consolidated,employee_benefits,Reversal for defined benefit plan – net,-839244.0,-501969.0
MCB Limited.pdf,cash_flow,consolidated,lease_liabilities,Gain on termination of lease liability against right–of–use assets,-82102.0,-86514.0
MCB Limited.pdf,cash_flow,consolidated,lendings_to_financial_institutions,Lendings to financial institutions,-41387308.0,32057874.0
MCB Limited.pdf,cash_flow,consolidated,prepayments,Advances,349100781.0,-525532657.0
MCB Limited.pdf,cash_flow,consolidated,bills_payable,Bills payable,-22289381.0,26150567.0
MCB Limited.pdf,cash_flow,consolidated,borrowings_from_fis,Borrowings from financial institutions,157191166.0,92851227.0
MCB Limited.pdf,cash_flow,consolidated,interest_income_received,Mark–up / interest received,313052207.0,424399489.0
MCB Limited.pdf,cash_flow,consolidated,employee_benefits,Defined benefits paid,-269383.0,-371278.0
MCB Limited.pdf,cash_flow,consolidated,taxes_paid,Income tax paid,-77934645.0,-83897007.0
MCB Limited.pdf,cash_flow,consolidated,net_cash_from_operations,Net cash flow from / (used in) operating activities,828127454.0,-81259988.0
MCB Limited.pdf,cash_flow,consolidated,dividend_income,Dividends received,4721616.0,3157361.0
MCB Limited.pdf,cash_flow,consolidated,depreciation_amortisation,Investments in property and equipment,-13459479.0,-11907944.0
MCB Limited.pdf,cash_flow,consolidated,intangible_assets,Investments in intangible assets,-1470458.0,-1555297.0
MCB Limited.pdf,cash_flow,consolidated,proceeds_disposal_fixed_assets,Disposals of property and equipment,2059203.0,361180.0
MCB Limited.pdf,cash_flow,consolidated,investment_in_associates,Net investment in associates,51861.0,-88050.0
MCB Limited.pdf,cash_flow,consolidated,cash_from_investing,Net cash flow (used in) / from investing activities,-742762014.0,111960700.0
MCB Limited.pdf,cash_flow,consolidated,dividend_paid,Dividend paid,-42393173.0,-42415715.0
MCB Limited.pdf,cash_flow,consolidated,lease_liabilities,Payment of lease liability against right–of–use–assets,-4157320.0,-3457629.0
MCB Limited.pdf,cash_flow,consolidated,cash_from_financing,Net cash flow used in financing activities,-46550493.0,-45873344.0
MCB Limited.pdf,cash_flow,consolidated,cash_and_bank,Effects of credit loss allowance changes on cash and cash equivalents,-40173.0,54854.0
MCB Limited.pdf,cash_flow,consolidated,net_change_in_cash,Increase / (decrease) in cash and cash equivalents,38774774.0,-15117778.0
MCB Limited.pdf,cash_flow,consolidated,cash_at_beginning,Cash and cash equivalents at beginning of the year,211371537.0,227436013.0
MCB Limited.pdf,cash_flow,consolidated,foreign_exchange_difference,Effects of exchange rate changes on cash and cash equivalents,498728.0,-403227.0
MCB Limited.pdf,cash_flow,consolidated,cash_and_bank,Opening expected credit loss allowance on cash and cash equivalents,-582389.0,-627132.0
MCB Limited.pdf,cash_flow,consolidated,cash_and_equivalents_at_end,Cash and cash equivalents at end of the year,250062650.0,211287876.0
MCB Limited.pdf,profit_and_loss,consolidated,net_markup_income,Net mark–up / interest income,161203074.0,167947353.0
MCB Limited.pdf,profit_and_loss,consolidated,fee_and_commission_income,Fee and commission income,24347202.0,24784627.0
MCB Limited.pdf,profit_and_loss,consolidated,dividend_income,Dividend income,4449984.0,2929796.0
MCB Limited.pdf,profit_and_loss,consolidated,foreign_exchange_difference,Foreign exchange income,10856153.0,9613683.0
MCB Limited.pdf,profit_and_loss,consolidated,other_income,Other income,557682.0,443544.0
MCB Limited.pdf,profit_and_loss,consolidated,net_markup_income,Total non–markup / interest income,41403008.0,41240187.0
MCB Limited.pdf,profit_and_loss,consolidated,other_operating_expenses,Operating expenses,82413997.0,72527182.0
MCB Limited.pdf,profit_and_loss,consolidated,workers_welfare_fund,Workers Welfare Fund,2471691.0,2599084.0
MCB Limited.pdf,profit_and_loss,consolidated,share_of_profit_of_associates,Share of profit of associates,2826590.0,2441139.0
MCB Limited.pdf,profit_and_loss,consolidated,credit_loss_allowance,Credit loss allowance and write offs – net,-5066789.0,4878210.0
MCB Limited.pdf,profit_and_loss,consolidated,profit_before_tax,PROFIT BEFORE TAXATION,125118917.0,131177019.0
MCB Limited.pdf,profit_and_loss,consolidated,income_tax_expense,Taxation,66343509.0,67711345.0
MCB Limited.pdf,profit_and_loss,consolidated,profit_for_the_year,PROFIT AFTER TAXATION,58775408.0,63465674.0
MCB Limited.pdf,profit_and_loss,consolidated,non_controlling_interest,Non–controlling interest,360352.0,240616.0
MCB Limited.pdf,profit_and_loss,consolidated,profit_for_the_year,Profit after taxation for the year,58775408.0,63465674.0
MCB Limited.pdf,profit_and_loss,consolidated,non_controlling_interest,Non–controlling interest,-8.0,
MCB Limited.pdf,profit_and_loss,consolidated,total_comprehensive_income,Total comprehensive income,90952826.0,93469475.0
MCB Limited.pdf,profit_and_loss,consolidated,non_controlling_interest,Non–controlling interest,360356.0,240608.0
Mughal Iron and Steel.pdf,balance_sheet,consolidated,property_plant_equipment,"Property, plant and equipment",26645915813.0,23969741890.0
Mughal Iron and Steel.pdf,balance_sheet,consolidated,long_term_investment,Long-term investment,,50119465.0
Mughal Iron and Steel.pdf,balance_sheet,consolidated,long_term_loans,Long-term loans,52252447.0,57056557.0
Mughal Iron and Steel.pdf,balance_sheet,consolidated,long_term_deposits_asset,Long-term deposits,2925569.0,2925569.0
Mughal Iron and Steel.pdf,balance_sheet,consolidated,inventories,Inventories,15616656225.0,26075368171.0
Mughal Iron and Steel.pdf,balance_sheet,consolidated,trade_receivables,Trade debts,15231833733.0,10805747538.0
Mughal Iron and Steel.pdf,balance_sheet,consolidated,loans_and_advances,Loans and advances,246534884.0,172317509.0
Mughal Iron and Steel.pdf,balance_sheet,consolidated,other_receivables,"Deposits, prepayments and other receivables",461136265.0,454617197.0
Mughal Iron and Steel.pdf,balance_sheet,consolidated,tax_refund_due_from_government,Due from the government,7486813380.0,4822537243.0
Mughal Iron and Steel.pdf,balance_sheet,consolidated,short_term_investment_made,Short-term investment and other financial assets,238625512.0,407885967.0
Mughal Iron and Steel.pdf,balance_sheet,consolidated,cash_and_bank,Cash and bank balances,3106539505.0,3365879773.0
Mughal Iron and Steel.pdf,balance_sheet,consolidated,total_assets,TOTAL ASSETS,69089233333.0,70184196879.0
Mughal Iron and Steel.pdf,balance_sheet,consolidated,share_capital,"Issued, subscribed and paid-up capital",3686963800.0,3356339330.0
Mughal Iron and Steel.pdf,balance_sheet,consolidated,reserves,Capital reserves,4447578494.0,3304952020.0
Mughal Iron and Steel.pdf,balance_sheet,consolidated,surplus_on_revaluation,"Revaluation surplus on property, plant and equipment",3899891432.0,3740482178.0
Mughal Iron and Steel.pdf,balance_sheet,consolidated,unappropriated_profit,Un-appropriated profits,16568529321.0,15628729508.0
Mughal Iron and Steel.pdf,balance_sheet,consolidated,equity_attributable_to_parent,Equity attributable to equity holders of the holding company,28602963047.0,26030503036.0
Mughal Iron and Steel.pdf,balance_sheet,consolidated,non_controlling_interest,Non-controlling interest,321104240.0,323093380.0
Mughal Iron and Steel.pdf,balance_sheet,consolidated,long_term_borrowings,Long-term financing - secured,4813429321.0,2841956188.0
Mughal Iron and Steel.pdf,balance_sheet,consolidated,deferred_tax_liabilities,Deferred taxation,2450607985.0,2013705826.0
Mughal Iron and Steel.pdf,balance_sheet,consolidated,employee_benefits,Defined benefit obligation,956105853.0,768993162.0
Mughal Iron and Steel.pdf,balance_sheet,consolidated,deferred_tax_liabilities,Deferred liabilities,77486288.0,82101274.0
Mughal Iron and Steel.pdf,balance_sheet,consolidated,trade_payables,Trade and other payables,6922946600.0,4352181446.0
Mughal Iron and Steel.pdf,balance_sheet,consolidated,unclaimed_dividend,Unclaimed dividends,2954068.0,2954068.0
Mughal Iron and Steel.pdf,balance_sheet,consolidated,unpaid_dividend,Unpaid dividends,7847407.0,8019268.0
Mughal Iron and Steel.pdf,balance_sheet,consolidated,short_term_borrowings,Short-term borrowings,22884735854.0,27992424673.0
Mughal Iron and Steel.pdf,balance_sheet,consolidated,current_maturity_long_term_debt,Current portion of long-term financing,1166803643.0,4157720930.0
Mughal Iron and Steel.pdf,balance_sheet,consolidated,employee_benefits,Current portion of deferred grant,3039286.0,6280506.0
Mughal Iron and Steel.pdf,balance_sheet,consolidated,total_equity_and_liabilities,TOTAL EQUITY AND LIABILITIES,69089233333.0,70184196879.0
Mughal Iron and Steel.pdf,cash_flow,consolidated,cash_generated_from_operations,Cash generated from operations,15507004823.0,4465302178.0
Mughal Iron and Steel.pdf,cash_flow,consolidated,employee_benefits,Defined benefits paid,-51983214.0,-45958184.0
Mughal Iron and Steel.pdf,cash_flow,consolidated,workers_profit_participation_fund,Workers’ profit participation fund paid,-42186946.0,-282106255.0
Mughal Iron and Steel.pdf,cash_flow,consolidated,workers_welfare_fund,Workers’ welfare fund paid,-14173933.0,-88701984.0
Mughal Iron and Steel.pdf,cash_flow,consolidated,taxes_paid,Taxes and levies paid,-1787141307.0,-948183982.0
Mughal Iron and Steel.pdf,cash_flow,consolidated,net_cash_from_operations,Net cash generated from operating activities,13614747343.0,3112560083.0
Mughal Iron and Steel.pdf,cash_flow,consolidated,capital_expenditure,"Payments for acquisition of property, plant and equipment",-3310146953.0,-1508699665.0
Mughal Iron and Steel.pdf,cash_flow,consolidated,proceeds_disposal_fixed_assets,Proceeds from disposal of tangible fixed assets,69086190.0,21515400.0
Mughal Iron and Steel.pdf,cash_flow,consolidated,short_term_deposits,Profit received on short-term deposit receipts,4850296.0,63566199.0
Mughal Iron and Steel.pdf,cash_flow,consolidated,cash_from_investing,Net cash used in investing activities,-3344141447.0,-4561837677.0
Mughal Iron and Steel.pdf,cash_flow,consolidated,short_term_borrowings,Net repayment / proceeds from short-term borrowings,-4937431614.0,6826824847.0
Mughal Iron and Steel.pdf,cash_flow,consolidated,non_controlling_interest,subsidiary company to non-controlling interest - net,,310475179.0
Mughal Iron and Steel.pdf,cash_flow,consolidated,finance_cost_paid,Finance cost paid,-6097920014.0,-5822523462.0
Mughal Iron and Steel.pdf,cash_flow,consolidated,dividend_paid,Dividends paid,-171861.0,-1072118120.0
Mughal Iron and Steel.pdf,cash_flow,consolidated,cash_from_financing,Net cash used in / generated from financing activities,-10700471730.0,2108743435.0
Mughal Iron and Steel.pdf,cash_flow,consolidated,net_change_in_cash,NET DECREASE / INCREASE IN CASH AND CASH EQUIVALENTS,-429865834.0,659465841.0
Mughal Iron and Steel.pdf,cash_flow,consolidated,cash_at_beginning,CASH AND CASH EQUIVALENTS AT THE BEGINNING OF THE YEAR,3603212207.0,2885126870.0
Mughal Iron and Steel.pdf,cash_flow,consolidated,cash_and_bank,CASH AND CASH EQUIVALENTS ACQUIRED OF SUBSIDIARY COMPANY,,57825634.0
Mughal Iron and Steel.pdf,cash_flow,consolidated,cash_and_equivalents_at_end,CASH AND CASH EQUIVALENTS AT THE END OF THE YEAR,3175913598.0,3603212207.0
Mughal Iron and Steel.pdf,profit_and_loss,consolidated,sales_tax_payable,Sales tax,-13233604654.0,-13022787650.0
Mughal Iron and Steel.pdf,profit_and_loss,consolidated,revenue,Net sales before commission,89045507362.0,91797890031.0
Mughal Iron and Steel.pdf,profit_and_loss,consolidated,fee_and_commission_income,Commission,-66039032.0,-37027059.0
Mughal Iron and Steel.pdf,profit_and_loss,consolidated,revenue,Net sales,88979468330.0,91760862972.0
Mughal Iron and Steel.pdf,profit_and_loss,consolidated,cost_of_sales,Cost of sales,,-84089475171.0
Mughal Iron and Steel.pdf,profit_and_loss,consolidated,gross_profit,GROSS PROFIT,8092063298.0,7671387801.0
Mughal Iron and Steel.pdf,profit_and_loss,consolidated,administrative_expenses,Administrative expenses,-929613884.0,-863172577.0
Mughal Iron and Steel.pdf,profit_and_loss,consolidated,other_income,Other income,84855450.0,306084800.0
Mughal Iron and Steel.pdf,profit_and_loss,consolidated,finance_cost,Finance cost,-5648022831.0,-6354925564.0
Mughal Iron and Steel.pdf,profit_and_loss,consolidated,profit_before_tax,PROFIT BEFORE LEVIES AND TAXATION,1243973832.0,526466274.0
Mughal Iron and Steel.pdf,profit_and_loss,consolidated,levies,Levies,482232687.0,-708696648.0
Mughal Iron and Steel.pdf,profit_and_loss,consolidated,profit_before_tax,PROFIT / LOSS BEFORE TAXATION,1726206519.0,-182230374.0
Mughal Iron and Steel.pdf,profit_and_loss,consolidated,income_tax_expense,Taxation,-873981826.0,2089749712.0
Mughal Iron and Steel.pdf,profit_and_loss,consolidated,profit_for_the_year,PROFIT FOR THE YEAR,852224693.0,1907519338.0
Mughal Iron and Steel.pdf,profit_and_loss,consolidated,equity_attributable_to_parent,Equity holders of the holding company,854213833.0,1907569751.0
Mughal Iron and Steel.pdf,profit_and_loss,consolidated,non_controlling_interest,Non-controlling interest,-1989140.0,-50413.0
Mughal Iron and Steel.pdf,profit_and_loss,consolidated,eps,EARNINGS PER SHARE - BASIC AND DILUTED,2.5,5.68
Mughal Iron and Steel.pdf,profit_and_loss,consolidated,total_comprehensive_income,TOTAL COMPREHENSIVE INCOME FOR THE YEAR,863499662.0,1911842659.0
Mughal Iron and Steel.pdf,profit_and_loss,consolidated,equity_attributable_to_parent,Equity holders of the holding company,865488802.0,1911893072.0
NETSOL ANNUAL 2025.pdf,balance_sheet,consolidated,depreciation_amortisation,Property and equipment,1227112.0,1221182.0
NETSOL ANNUAL 2025.pdf,balance_sheet,consolidated,contract_assets,Long term contract assets,143058.0,52637.0
NETSOL ANNUAL 2025.pdf,balance_sheet,consolidated,long_term_loans,Long term loans to employees,8590.0,22860.0
NETSOL ANNUAL 2025.pdf,balance_sheet,consolidated,trade_receivables,Trade debts,5869134.0,5326984.0
NETSOL ANNUAL 2025.pdf,balance_sheet,consolidated,contract_assets,Contract assets,2542057.0,1787247.0
NETSOL ANNUAL 2025.pdf,balance_sheet,consolidated,loans_and_advances,Loans and advances,42111.0,118428.0
NETSOL ANNUAL 2025.pdf,balance_sheet,consolidated,prepayments,Deposits and short term prepayments,229351.0,116701.0
NETSOL ANNUAL 2025.pdf,balance_sheet,consolidated,other_receivables,Other receivables,127131.0,54026.0
NETSOL ANNUAL 2025.pdf,balance_sheet,consolidated,due_from_related_parties,Due from related parties,187791.0,514396.0
NETSOL ANNUAL 2025.pdf,balance_sheet,consolidated,deferred_tax_assets,Prepaid tax asset,19668.0,35730.0
NETSOL ANNUAL 2025.pdf,balance_sheet,consolidated,short_term_investments,Short term investment,200000.0,
NETSOL ANNUAL 2025.pdf,balance_sheet,consolidated,cash_and_bank,Cash and bank balances,3767897.0,4669162.0
NETSOL ANNUAL 2025.pdf,balance_sheet,consolidated,total_assets,TOTAL ASSETS,14363900.0,13919353.0
NETSOL ANNUAL 2025.pdf,balance_sheet,consolidated,share_capital,"Issued, subscribed and paid up capital",898369.0,898369.0
NETSOL ANNUAL 2025.pdf,balance_sheet,consolidated,reserves,Reserves,9922818.0,9208065.0
NETSOL ANNUAL 2025.pdf,balance_sheet,consolidated,long_term_borrowings,Long term fi nancing,13343.0,2696.0
NETSOL ANNUAL 2025.pdf,balance_sheet,consolidated,long_term_advances_deposits,Long term advances,5415.0,1995.0
NETSOL ANNUAL 2025.pdf,balance_sheet,consolidated,trade_payables,Trade and other payables,1173792.0,763340.0
NETSOL ANNUAL 2025.pdf,balance_sheet,consolidated,contract_liabilities,Contract liabilities,153329.0,1446955.0
NETSOL ANNUAL 2025.pdf,balance_sheet,consolidated,short_term_borrowings,Short term borrowings,2180000.0,1580000.0
NETSOL ANNUAL 2025.pdf,balance_sheet,consolidated,current_portion_non_current_liabilities,Current portion of non current liabilities,8428.0,14096.0
NETSOL ANNUAL 2025.pdf,balance_sheet,consolidated,unclaimed_dividend,Unclaimed dividends,4538.0,3824.0
NETSOL ANNUAL 2025.pdf,balance_sheet,consolidated,total_equity_and_liabilities,TOTAL EQUITY AND LIABILITIES,14363900.0,13919353.0
NETSOL ANNUAL 2025.pdf,cash_flow,consolidated,depreciation_amortisation,Depreciation - own assets,316708.0,344297.0
NETSOL ANNUAL 2025.pdf,cash_flow,consolidated,depreciation_rou_assets,Depreciation of right of use assets,,2246.0
NETSOL ANNUAL 2025.pdf,cash_flow,consolidated,amortisation_intangibles,Amortization of intangible assets,,40386.0
NETSOL ANNUAL 2025.pdf,cash_flow,consolidated,proceeds_disposal_fixed_assets,(Gain) on disposal of property and equipment,-12542.0,-28739.0
NETSOL ANNUAL 2025.pdf,cash_flow,consolidated,finance_cost,Finance cost,223287.0,309977.0
NETSOL ANNUAL 2025.pdf,cash_flow,consolidated,interest_income_received,Interest income,-498252.0,-514589.0
NETSOL ANNUAL 2025.pdf,cash_flow,consolidated,profit_from_operations,Operating profi t before working capital changes,1719954.0,1816772.0
NETSOL ANNUAL 2025.pdf,cash_flow,consolidated,trade_receivables,Trade debts,-358278.0,177722.0
NETSOL ANNUAL 2025.pdf,cash_flow,consolidated,contract_assets,Contract assets,-1041379.0,49892.0
NETSOL ANNUAL 2025.pdf,cash_flow,consolidated,loans_and_advances,Loans and advances,90587.0,-72047.0
NETSOL ANNUAL 2025.pdf,cash_flow,consolidated,prepayments,Deposits and short term prepayments,-112650.0,12019.0
NETSOL ANNUAL 2025.pdf,cash_flow,consolidated,other_receivables,Other receivables,-73105.0,-27917.0
NETSOL ANNUAL 2025.pdf,cash_flow,consolidated,due_from_related_parties,Due from related parties,325113.0,-47939.0
NETSOL ANNUAL 2025.pdf,cash_flow,consolidated,trade_payables,Trade and other payables,405339.0,-39676.0
NETSOL ANNUAL 2025.pdf,cash_flow,consolidated,contract_liabilities,Contract liabilities,-1294916.0,322301.0
NETSOL ANNUAL 2025.pdf,cash_flow,consolidated,cash_generated_from_operations,Cash (Used in) / Generated from Operations,-2059289.0,374355.0
NETSOL ANNUAL 2025.pdf,cash_flow,consolidated,dividend_paid,Dividend paid,-262797.0,-30.0
NETSOL ANNUAL 2025.pdf,cash_flow,consolidated,net_cash_from_operations,Net Cash (Used in) / Generated from Operating Activities,-873108.0,1988254.0
NETSOL ANNUAL 2025.pdf,cash_flow,consolidated,capital_expenditure,Payment for acquisition of property and equipment,-276113.0,-119683.0
NETSOL ANNUAL 2025.pdf,cash_flow,consolidated,proceeds_disposal_fixed_assets,Proceeds from disposal of property and equipment,15808.0,105304.0
NETSOL ANNUAL 2025.pdf,cash_flow,consolidated,capital_work_in_progress,Capital Work in Progress,-50398.0,-3134.0
NETSOL ANNUAL 2025.pdf,cash_flow,consolidated,short_term_investments,Short term investments,-200000.0,
NETSOL ANNUAL 2025.pdf,cash_flow,consolidated,interest_income_received,Interest received,498252.0,514589.0
NETSOL ANNUAL 2025.pdf,cash_flow,consolidated,cash_from_investing,Net Cash (Used in) / Generated from Investing Activities,,497076.0
NETSOL ANNUAL 2025.pdf,cash_flow,consolidated,lease_liabilities,Repayment of lease liabilities,-1017.0,-4280.0
NETSOL ANNUAL 2025.pdf,cash_flow,consolidated,repayment_long_term_financing,Repayment of long term loan - net,4075.0,-90955.0
NETSOL ANNUAL 2025.pdf,cash_flow,consolidated,short_term_borrowings,Short term borrowing - net,391315.0,-338924.0
NETSOL ANNUAL 2025.pdf,cash_flow,consolidated,long_term_advances_deposits,Long term advances - net,3420.0,-14680.0
NETSOL ANNUAL 2025.pdf,cash_flow,consolidated,cash_from_financing,Net Cash (Used in) Financing Activities,-18340.0,-448839.0
NETSOL ANNUAL 2025.pdf,cash_flow,consolidated,net_change_in_cash,Net (Decrease) / Increase in Cash and Cash Equivalents,-903899.0,2036491.0
NETSOL ANNUAL 2025.pdf,cash_flow,consolidated,foreign_exchange_difference,Net foreign exchange difference,2634.0,-395.0
NETSOL ANNUAL 2025.pdf,cash_flow,consolidated,cash_at_beginning,Cash and cash equivalents at the beginning of year,4669162.0,2633066.0
NETSOL ANNUAL 2025.pdf,cash_flow,consolidated,cash_and_equivalents_at_end,Cash and Cash Equivalents at the End of the Year,3767897.0,4669162.0
NETSOL ANNUAL 2025.pdf,profit_and_loss,consolidated,revenue,Revenue from contracts with customers - net,9905419.0,9579636.0
NETSOL ANNUAL 2025.pdf,profit_and_loss,consolidated,revenue,Cost of revenue,-5551304.0,-5393989.0
NETSOL ANNUAL 2025.pdf,profit_and_loss,consolidated,gross_profit,Gross profi t,4354115.0,4185647.0
NETSOL ANNUAL 2025.pdf,profit_and_loss,consolidated,distribution_costs,Selling and promotional expenses,-1147274.0,-957063.0
NETSOL ANNUAL 2025.pdf,profit_and_loss,consolidated,administrative_expenses,Administrative expenses,-1459594.0,-1440338.0
NETSOL ANNUAL 2025.pdf,profit_and_loss,consolidated,profit_from_operations,Operating Profi t,1747247.0,1788246.0
NETSOL ANNUAL 2025.pdf,profit_and_loss,consolidated,other_operating_expenses,Other operating expenses,-674462.0,-694632.0
NETSOL ANNUAL 2025.pdf,profit_and_loss,consolidated,finance_cost,Finance cost,-228421.0,-315048.0
NETSOL ANNUAL 2025.pdf,profit_and_loss,consolidated,other_income,Other income,827933.0,597988.0
NETSOL ANNUAL 2025.pdf,profit_and_loss,consolidated,profit_before_tax,Profi t before Final Taxes and Income Tax,1672297.0,1376554.0
NETSOL ANNUAL 2025.pdf,profit_and_loss,consolidated,levies,Final tax / levies,-287032.0,-173501.0
NETSOL ANNUAL 2025.pdf,profit_and_loss,consolidated,profit_before_tax,Profi t before Income Tax,1385265.0,1203053.0
NETSOL ANNUAL 2025.pdf,profit_and_loss,consolidated,profit_for_the_year,Net Profi t for the Year,1385265.0,1203053.0
Nishat.pdf,balance_sheet,consolidated,share_capital,"Issued, subscribed and paid-up share capital",3515999.0,3515999.0
Nishat.pdf,balance_sheet,consolidated,reserves,Reserves,153017700.0,138353201.0
Nishat.pdf,balance_sheet,consolidated,equity_attributable_to_parent,Equity attributable to equity holders of the Holding Company,156533699.0,141869200.0
Nishat.pdf,balance_sheet,consolidated,non_controlling_interest,Non-controlling interest,13704614.0,15978611.0
Nishat.pdf,balance_sheet,consolidated,total_equity,Total equity,170238313.0,157847811.0
Nishat.pdf,balance_sheet,consolidated,long_term_borrowings,Long term financing,25376756.0,23682746.0
Nishat.pdf,balance_sheet,consolidated,lease_liabilities,Lease liabilities,2237585.0,1583612.0
Nishat.pdf,balance_sheet,consolidated,security_deposits,Security deposits,357660.0,288360.0
Nishat.pdf,balance_sheet,consolidated,employee_benefits,Retirement benefit obligation,70107.0,61630.0
Nishat.pdf,balance_sheet,consolidated,deferred_tax_liabilities,Deferred liabilities,10314427.0,6900539.0
Nishat.pdf,balance_sheet,consolidated,trade_payables,Trade and other payables,20439377.0,19827841.0
Nishat.pdf,balance_sheet,consolidated,accrued_markup,Accrued mark-up,1135594.0,1529600.0
Nishat.pdf,balance_sheet,consolidated,short_term_borrowings,Short term borrowings,61794524.0,53676569.0
Nishat.pdf,balance_sheet,consolidated,current_portion_non_current_liabilities,Current portion of non-current liabilities,5891372.0,5399404.0
Nishat.pdf,balance_sheet,consolidated,unclaimed_dividend,Unclaimed dividend,148922.0,142551.0
Nishat.pdf,balance_sheet,consolidated,provision_for_taxation,Provision for taxation and levy - net,2264240.0,2765693.0
Nishat.pdf,balance_sheet,consolidated,total_liabilities,TOTAL LIABILITIES,130030564.0,115858545.0
Nishat.pdf,balance_sheet,consolidated,total_equity_and_liabilities,TOTAL EQUITY AND LIABILITIES,300268877.0,273706356.0
Nishat.pdf,balance_sheet,consolidated,property_plant_equipment,"Property, plant and equipment",75599389.0,71700074.0
Nishat.pdf,balance_sheet,consolidated,intangible_assets,Intangible assets,677647.0,677647.0
Nishat.pdf,balance_sheet,consolidated,right_of_use_assets,Right-of-use assets,3018360.0,2069327.0
Nishat.pdf,balance_sheet,consolidated,long_term_investment,Long term investments,85408552.0,70842826.0
Nishat.pdf,balance_sheet,consolidated,long_term_loans,Long term loans,596780.0,484723.0
Nishat.pdf,balance_sheet,consolidated,long_term_deposits_asset,Long term deposits,623200.0,625535.0
Nishat.pdf,balance_sheet,consolidated,stores_spares_loose_tools,"Stores, spare parts and loose tools",7680677.0,7003908.0
Nishat.pdf,balance_sheet,consolidated,inventories,Stock-in-trade,65630926.0,51724654.0
Nishat.pdf,balance_sheet,consolidated,trade_receivables,Trade debts,28277755.0,38376196.0
Nishat.pdf,balance_sheet,consolidated,loans_and_advances,Loans and advances,1030627.0,816688.0
Nishat.pdf,balance_sheet,consolidated,short_term_deposits,Short term deposits and prepayments,755392.0,818434.0
Nishat.pdf,balance_sheet,consolidated,other_receivables,Other receivables,9707042.0,13079543.0
Nishat.pdf,balance_sheet,consolidated,accrued_markup,Accrued interest,5174.0,40879.0
Nishat.pdf,balance_sheet,consolidated,short_term_investments,Short term investments,18106520.0,4264954.0
Nishat.pdf,balance_sheet,consolidated,cash_and_bank,Cash and bank balances,3150836.0,11180968.0
Nishat.pdf,balance_sheet,consolidated,total_assets,TOTAL ASSETS,300268877.0,273706356.0
Nishat.pdf,cash_flow,consolidated,cash_generated_from_operations,Cash generated from operations,16201079.0,18044299.0
Nishat.pdf,cash_flow,consolidated,finance_cost_paid,Finance cost paid,-9420468.0,-11370533.0
Nishat.pdf,cash_flow,consolidated,taxes_paid,Income tax paid,-4686433.0,-2948434.0
Nishat.pdf,cash_flow,consolidated,security_deposits,Long term security deposits - net,69300.0,22750.0
Nishat.pdf,cash_flow,consolidated,employee_benefits,Net increase in retirement benefit obligation,7600.0,5621.0
Nishat.pdf,cash_flow,consolidated,long_term_loans,Net increase in long term loans,-123959.0,-98638.0
Nishat.pdf,cash_flow,consolidated,long_term_deposits,Net increase in long term deposits,57335.0,-425581.0
Nishat.pdf,cash_flow,consolidated,net_cash_from_operations,Net cash generated from operating activities,2325673.0,3534479.0
Nishat.pdf,cash_flow,consolidated,proceeds_disposal_fixed_assets,"Proceeds from sale of property, plant and equipment",278088.0,232437.0
Nishat.pdf,cash_flow,consolidated,property_plant_equipment,"Capital expenditure on property, plant and equipment",-10479854.0,-19915253.0
Nishat.pdf,cash_flow,consolidated,dividend_income,Dividends received,5225056.0,7361215.0
Nishat.pdf,cash_flow,consolidated,short_term_investment_made,Investments made,-76512517.0,-328208509.0
Nishat.pdf,cash_flow,consolidated,investment_bond_proceeds,Proceeds from sale of investments,63495490.0,323234339.0
Nishat.pdf,cash_flow,consolidated,interest_income_received,Interest received,351173.0,641287.0
Nishat.pdf,cash_flow,consolidated,cash_from_investing,Net cash used in investing activities,-15891565.0,-16654484.0
Nishat.pdf,cash_flow,consolidated,long_term_borrowings,Proceeds from long term financing,5000000.0,14640745.0
Nishat.pdf,cash_flow,consolidated,repayment_long_term_financing,Repayment of long term financing,-2906554.0,-2895298.0
Nishat.pdf,cash_flow,consolidated,lease_liabilities,Repayment of lease liabilities,-1147321.0,-882075.0
Nishat.pdf,cash_flow,consolidated,foreign_exchange_difference,foreign subsidiaries,66498.0,-63627.0
Nishat.pdf,cash_flow,consolidated,short_term_borrowings,Short term borrowings - net,8117955.0,7429776.0
Nishat.pdf,cash_flow,consolidated,dividend_paid,Dividend paid,-2956577.0,-3046943.0
Nishat.pdf,cash_flow,consolidated,cash_from_financing,Net cash from financing activities,6174001.0,15182578.0
Nishat.pdf,cash_flow,consolidated,net_change_in_cash,Net increase in cash and cash equivalents,-7391891.0,2062573.0
Nishat.pdf,cash_flow,consolidated,foreign_exchange_difference,Net foreign exchange difference on translating cash and bank balances,17557.0,-41233.0
Nishat.pdf,cash_flow,consolidated,cash_at_beginning,Cash and cash equivalents at the beginning of the year,11180968.0,9159628.0
Nishat.pdf,cash_flow,consolidated,cash_and_bank,Cash and cash equivalents of Nishat Hospitality (Private) Limited,-655798.0,
Nishat.pdf,cash_flow,consolidated,cash_and_equivalents_at_end,Cash and cash equivalents at the end of the year,3150836.0,11180968.0
Nishat.pdf,profit_and_loss,consolidated,revenue,REVENUE,207175255.0,212511599.0
Nishat.pdf,profit_and_loss,consolidated,cost_of_sales,COST OF SALES,-175013926.0,-178820156.0
Nishat.pdf,profit_and_loss,consolidated,gross_profit,GROSS PROFIT,32161329.0,33691443.0
Nishat.pdf,profit_and_loss,consolidated,distribution_costs,DISTRIBUTION COST,-14184815.0,-12414491.0
Nishat.pdf,profit_and_loss,consolidated,administrative_expenses,ADMINISTRATIVE EXPENSES,-4627832.0,-4129202.0
Nishat.pdf,profit_and_loss,consolidated,other_expenses,OTHER EXPENSES,-279120.0,-376071.0
Nishat.pdf,profit_and_loss,consolidated,other_income,OTHER INCOME,9844658.0,6529195.0
Nishat.pdf,profit_and_loss,consolidated,profit_from_operations,PROFIT FROM OPERATIONS,22914220.0,23300874.0
Nishat.pdf,profit_and_loss,consolidated,finance_cost,FINANCE COST,-9026462.0,-11058114.0
Nishat.pdf,profit_and_loss,consolidated,profit_before_tax,PROFIT BEFORE LEVY AND TAXATION,11796125.0,15607235.0
Nishat.pdf,profit_and_loss,consolidated,profit_before_tax,PROFIT BEFORE TAXATION,9444820.0,12765987.0
Nishat.pdf,profit_and_loss,consolidated,income_tax_expense,TAXATION,-4706378.0,-2257412.0
Nishat.pdf,profit_and_loss,consolidated,profit_for_the_year,PROFIT AFTER TAXATION,4738442.0,10508575.0
Nishat.pdf,profit_and_loss,consolidated,equity_attributable_to_parent,EQUITY HOLDERS OF HOLDING COMPANY,5104291.0,7868223.0
Nishat.pdf,profit_and_loss,consolidated,non_controlling_interest,NON-CONTROLLING INTEREST,-365849.0,2640352.0
Nishat.pdf,profit_and_loss,consolidated,eps,EARNINGS PER SHARE - BASIC AND DILUTED (RUPEES),14.51,22.38
Nishat.pdf,profit_and_loss,consolidated,employee_benefits,Remeasurement of retirement benefits of associates - net of tax,32404.0,11212.0
Nishat.pdf,profit_and_loss,consolidated,foreign_exchange_difference,Exchange differences on translating foreign operations,66498.0,-63627.0
Nishat.pdf,profit_and_loss,consolidated,total_comprehensive_income,TOTAL COMPREHENSIVE INCOME FOR THE YEAR,15353450.0,24740479.0
Nishat.pdf,profit_and_loss,consolidated,equity_attributable_to_parent,EQUITY HOLDERS OF HOLDING COMPANY,15719299.0,22100127.0
Quice Foods.pdf,balance_sheet,unknown,property_plant_equipment,"Property, plant and equipment",713976225.0,328594122.0
Quice Foods.pdf,balance_sheet,unknown,long_term_deposits,Long term deposits,6603800.0,6603800.0
Quice Foods.pdf,balance_sheet,unknown,stores_and_spares,Stores and spares,57287499.0,50317272.0
Quice Foods.pdf,balance_sheet,unknown,inventories,Stock-in-trade,683268262.0,666424912.0
Quice Foods.pdf,balance_sheet,unknown,trade_receivables,Trade debts,60123872.0,54647587.0
Quice Foods.pdf,balance_sheet,unknown,advances_deposits_prepayments,"Advances, deposits, prepayments & other receivables",147986172.0,147337700.0
Quice Foods.pdf,balance_sheet,unknown,taxation_net,Taxation - net,32081512.0,18146998.0
Quice Foods.pdf,balance_sheet,unknown,cash_and_bank,Cash and bank balances,2225266.0,2115761.0
Quice Foods.pdf,balance_sheet,unknown,reserves,Reserves,-297778355.0,-282573536.0
Quice Foods.pdf,balance_sheet,unknown,surplus_on_revaluation,"Surplus on revaluation of property, plant and equipment",51041317.0,27457615.0
Quice Foods.pdf,balance_sheet,unknown,deferred_tax_liabilities,Deferred liabilities,26382286.0,12384567.0
Quice Foods.pdf,balance_sheet,unknown,security_deposits,Security deposit payables,249750000.0,144500000.0
Quice Foods.pdf,balance_sheet,unknown,trade_payables,Trade and other payables,972327636.0,670589782.0
Quice Foods.pdf,cash_flow,unknown,profit_before_tax,LOSS BEFORE TAXATION,-11730559.0,-27144988.0
Quice Foods.pdf,cash_flow,unknown,depreciation_amortisation,Depreciation,36614418.0,29145813.0
Quice Foods.pdf,cash_flow,unknown,levies,Levies,12823771.0,8110481.0
Quice Foods.pdf,cash_flow,unknown,provision_for_taxation,Provision for gratuity,4739919.0,3773029.0
Quice Foods.pdf,cash_flow,unknown,reversal_provision_stock_in_trade,Provision for slow moving items,29990286.0,24996745.0
Quice Foods.pdf,cash_flow,unknown,stores_and_spares,Stores and spares,-6970227.0,3822769.0
Quice Foods.pdf,cash_flow,unknown,inventories,Stock-in-trade,-46833636.0,151685145.0
Quice Foods.pdf,cash_flow,unknown,trade_receivables,Trade debts,-5476285.0,-883728.0
Quice Foods.pdf,cash_flow,unknown,advances_deposits_prepayments,"Advances, deposits, prepayments & other receivables",-648472.0,-30617870.0
Quice Foods.pdf,cash_flow,unknown,trade_payables,Trade and other payables,301737854.0,-108022490.0
Quice Foods.pdf,cash_flow,unknown,taxes_paid,Levies paid,-26754365.0,-16056817.0
Quice Foods.pdf,cash_flow,unknown,capital_expenditure,Fixed capital expenditure,-392717201.0,-35166836.0
Quice Foods.pdf,cash_flow,unknown,proceeds_disposal_fixed_assets,"Proceeds from sale of property, plant and equipment",1949359.0,
Quice Foods.pdf,cash_flow,unknown,long_term_deposits,Long term deposits paid,,-4668510.0
Quice Foods.pdf,cash_flow,unknown,cash_from_investing,Net cash used in investing activities B,-390767842.0,-39835346.0
Quice Foods.pdf,cash_flow,unknown,long_term_deposits,Repayment of long term deposits,105250000.0,
Quice Foods.pdf,cash_flow,unknown,cash_from_financing,Net cash inflows from financing activities C,105250000.0,
Quice Foods.pdf,cash_flow,unknown,net_change_in_cash,Net decrease in cash and cash equivalents A + B + C,109505.0,-1027257.0
Quice Foods.pdf,cash_flow,unknown,cash_at_beginning,Cash and cash equivalents at the beginning of the year,2115761.0,3143018.0
Quice Foods.pdf,cash_flow,unknown,cash_and_equivalents_at_end,Cash and cash equivalents at the end of the year,2225266.0,2115761.0
Quice Foods.pdf,profit_and_loss,unknown,revenue,SALES,1094764441.0,903254935.0
Quice Foods.pdf,profit_and_loss,unknown,cost_of_sales,Cost of Sales,-907765672.0,-777258658.0
Quice Foods.pdf,profit_and_loss,unknown,gross_profit,GROSS PROFIT,186998769.0,125996277.0
Quice Foods.pdf,profit_and_loss,unknown,distribution_costs,Distribution Cost,-141519536.0,-108368605.0
Quice Foods.pdf,profit_and_loss,unknown,administrative_expenses,Administrative Expenses,-48626763.0,-40566291.0
Quice Foods.pdf,profit_and_loss,unknown,other_operating_expenses,Other Operating Expenses,-41133.0,
Quice Foods.pdf,profit_and_loss,unknown,profit_from_operations,OPERATING LOSS,-3188663.0,-22938619.0
Quice Foods.pdf,profit_and_loss,unknown,other_income,Other Income,4344164.0,4032335.0
Quice Foods.pdf,profit_and_loss,unknown,finance_cost,Finance Cost,-62289.0,-128223.0
Quice Foods.pdf,profit_and_loss,unknown,levies,Levies,-12823771.0,-8110481.0
Quice Foods.pdf,profit_and_loss,unknown,profit_before_tax,LOSS BEFORE TAXATION,-11730559.0,-27144988.0
Quice Foods.pdf,profit_and_loss,unknown,profit_for_the_year,LOSS AFTER TAXATION,-11730559.0,-27144988.0
Quice Foods.pdf,profit_and_loss,unknown,eps,LOSS PER SHARE,-0.119,-0.276
SYS.pdf,balance_sheet,consolidated,depreciation_amortisation,Property and equipment,4222593228.0,3654816354.0
SYS.pdf,balance_sheet,consolidated,intangible_assets,Intangibles,11991792090.0,9881435504.0
SYS.pdf,balance_sheet,consolidated,long_term_investment,Long term investments,157383405.0,101076560.0
SYS.pdf,balance_sheet,consolidated,investment_in_associates,Investment in associates,89359651.0,162194362.0
SYS.pdf,balance_sheet,consolidated,right_of_use_assets,Right-of-use asset,1149418066.0,419075401.0
SYS.pdf,balance_sheet,consolidated,long_term_loans,Long term loans,565933316.0,613818425.0
SYS.pdf,balance_sheet,consolidated,employee_benefits,Deferred employee benefits,156902648.0,203253649.0
SYS.pdf,balance_sheet,consolidated,receipts_long_term_receivables,Long term receivable,244727720.0,569948187.0
SYS.pdf,balance_sheet,consolidated,long_term_deposits_asset,Long term deposits,655209757.0,485584447.0
SYS.pdf,balance_sheet,consolidated,contract_assets,Contract assets,13979755610.0,9453109283.0
SYS.pdf,balance_sheet,consolidated,trade_receivables,Trade debts,17575804426.0,17570516867.0
SYS.pdf,balance_sheet,consolidated,current_maturity_long_term_debt,Current portion of long term receivable,427670427.0,361980429.0
SYS.pdf,balance_sheet,consolidated,other_receivables,"Loans, advances and other receivables",2216118998.0,1295142207.0
SYS.pdf,balance_sheet,consolidated,prepayments,Trade deposits and short term prepayments,2287618430.0,1443037626.0
SYS.pdf,balance_sheet,consolidated,short_term_investments,Short term investments,5441665232.0,2941777167.0
SYS.pdf,balance_sheet,consolidated,tax_refund_due_from_government,Income tax refunds due from governments,721298512.0,483693293.0
SYS.pdf,balance_sheet,consolidated,employee_benefits,Current portion of deferred employee benefits,89612845.0,86166964.0
SYS.pdf,balance_sheet,consolidated,derivative_financial_instruments,Derivative financial instruments,10986607.0,
SYS.pdf,balance_sheet,consolidated,cash_and_bank,Cash and bank balances,13504721300.0,7820717667.0
SYS.pdf,balance_sheet,consolidated,total_assets,TOTAL ASSETS,75488572268.0,57547344392.0
SYS.pdf,balance_sheet,consolidated,share_capital,"Issued, subscribed and paid up share capital",2946808869.0,2929861489.0
SYS.pdf,balance_sheet,consolidated,reserves,Capital reserves,9356084401.0,8668675976.0
SYS.pdf,balance_sheet,consolidated,unappropriated_profit,Revenue reserve - unappropriated profit,36274230894.0,27129935811.0
SYS.pdf,balance_sheet,consolidated,non_controlling_interest,Non-controlling interest,1698353.0,2192380.0
SYS.pdf,balance_sheet,consolidated,long_term_advances_deposits,Long term advances,6302660.0,14754443.0
SYS.pdf,balance_sheet,consolidated,lease_liabilities,Lease liabilities,1076394050.0,344483686.0
SYS.pdf,balance_sheet,consolidated,other_long_term_liability,Other long term liability - unsecured,428305444.0,1184866510.0
SYS.pdf,balance_sheet,consolidated,deferred_tax_liabilities,Deferred taxation - net,1573433.0,83618990.0
SYS.pdf,balance_sheet,consolidated,contract_liabilities,Contract liabilities,2848186391.0,
SYS.pdf,balance_sheet,consolidated,employee_benefits,Retirement benefits,1556579442.0,675541301.0
SYS.pdf,balance_sheet,consolidated,trade_payables,Trade and other payables,10709428067.0,8715514879.0
SYS.pdf,balance_sheet,consolidated,provision_for_taxation,Provision for taxation,598985626.0,307963940.0
SYS.pdf,balance_sheet,consolidated,unclaimed_dividend,Unclaimed dividend,37698807.0,30322411.0
SYS.pdf,balance_sheet,consolidated,contract_liabilities,Contract liabilities - current portion,2698265644.0,3875428986.0
SYS.pdf,balance_sheet,consolidated,borrowings_from_fis,Short term borrowings from financial institutions - secured,5956002054.0,2684547884.0
SYS.pdf,balance_sheet,consolidated,derivative_financial_instruments,Derivative financial instruments,,1461010.0
SYS.pdf,balance_sheet,consolidated,current_maturity_long_term_debt,Current portion of long term advances,2028020.0,5171459.0
SYS.pdf,balance_sheet,consolidated,lease_liabilities,Current portion of lease liabilities,231651227.0,174362132.0
SYS.pdf,balance_sheet,consolidated,other_long_term_liability,Current portion of other long term liability - unsecured,758348886.0,718641105.0
SYS.pdf,balance_sheet,consolidated,total_equity_and_liabilities,TOTAL EQUITY AND LIABILITIES,75488572268.0,57547344392.0
SYS.pdf,cash_flow,consolidated,cash_generated_from_operations,Cash generated from operations,12330115397.0,5077422214.0
SYS.pdf,cash_flow,consolidated,finance_cost_paid,Finance costs paid,-164567657.0,-360443855.0
SYS.pdf,cash_flow,consolidated,taxes_paid,Taxes and levy paid,-1440485863.0,-922829429.0
SYS.pdf,cash_flow,consolidated,employee_benefits,Retirement benefits,-170580701.0,-12636829.0
SYS.pdf,cash_flow,consolidated,long_term_advances_deposits,(Decrease) / increase in long term advances,-11595222.0,7249594.0
SYS.pdf,cash_flow,consolidated,derivative_financial_instruments,Settlement of derivative financial instruments,-1461010.0,20945148.0
SYS.pdf,cash_flow,consolidated,receipts_long_term_receivables,Receipts against long term receivables,335583731.0,307707758.0
SYS.pdf,cash_flow,consolidated,cash_from_operations,Cash flows from operating activities,10877008675.0,4117414601.0
SYS.pdf,cash_flow,consolidated,depreciation_amortisation,Purchase of property and equipment,-914804935.0,-888802624.0
SYS.pdf,cash_flow,consolidated,acquisition_of_subsidiary,Acquisition of subsidiary,-2090271341.0,
SYS.pdf,cash_flow,consolidated,acquisition_intangible_assets,Purchase / development of intangibles,-1003046939.0,-1135777989.0
SYS.pdf,cash_flow,consolidated,proceeds_disposal_fixed_assets,Sale proceeds from disposal of property and equipment,81002915.0,46938674.0
SYS.pdf,cash_flow,consolidated,short_term_investments,Short term investments - net,-2174605118.0,-1461570905.0
SYS.pdf,cash_flow,consolidated,long_term_investment,Long term investment - net,-25242.0,
SYS.pdf,cash_flow,consolidated,interest_income_received,Profit received on deposit accounts,84596108.0,115042604.0
SYS.pdf,cash_flow,consolidated,short_term_investments,Profit received on short term investments,39648013.0,47580632.0
SYS.pdf,cash_flow,consolidated,interest_income_received,Interest received on loan to associated undertakings,,5997212.0
SYS.pdf,cash_flow,consolidated,cash_from_investing,Net cash used in investing activities,-5977506539.0,-3265563518.0
SYS.pdf,cash_flow,consolidated,short_term_borrowings,Disbursements against short term borrowings,11375624666.0,8178586017.0
SYS.pdf,cash_flow,consolidated,short_term_borrowings,Repayment of short term borrowings,-10639680895.0,-9017786770.0
SYS.pdf,cash_flow,consolidated,proceeds_exercise_share_options,Proceeds from exercise of share options,577805150.0,357130070.0
SYS.pdf,cash_flow,consolidated,lease_liabilities,Payments in respect of leases,-251856115.0,-257561444.0
SYS.pdf,cash_flow,consolidated,dividend_paid,Dividend paid,-1751320503.0,-1737357396.0
SYS.pdf,cash_flow,consolidated,cash_from_financing,Net cash used in financing activities,-689427697.0,-2476989523.0
SYS.pdf,cash_flow,consolidated,net_change_in_cash,Increase in cash and cash equivalents,4210074439.0,-1625138440.0
SYS.pdf,cash_flow,consolidated,foreign_exchange_difference,Net foreign exchange difference,79073079.0,-122025325.0
SYS.pdf,cash_flow,consolidated,cash_at_beginning,Cash and cash equivalents at beginning of the year,5513595454.0,7260759219.0
SYS.pdf,cash_flow,consolidated,cash_and_equivalents_at_end,Cash and cash equivalents at end of the year,9802742972.0,5513595454.0
SYS.pdf,profit_and_loss,consolidated,revenue,Revenue from contracts with customers - net,80391884594.0,67473021160.0
SYS.pdf,profit_and_loss,consolidated,revenue,Cost of revenue,-57982619705.0,-51315319855.0
SYS.pdf,profit_and_loss,consolidated,gross_profit,Gross profit,22409264889.0,16157701305.0
SYS.pdf,profit_and_loss,consolidated,distribution_costs,Selling and distribution expenses,-3097396064.0,-2482298867.0
SYS.pdf,profit_and_loss,consolidated,administrative_expenses,Administrative expenses,-6227820256.0,-4820394646.0
SYS.pdf,profit_and_loss,consolidated,research_development_expenses,Research & development expenses,-82316961.0,-92264918.0
SYS.pdf,profit_and_loss,consolidated,impairment_losses_financial_assets,Impairment losses on financial assets,-971487668.0,-485686404.0
SYS.pdf,profit_and_loss,consolidated,other_operating_expenses,Other operating expenses,-23906244.0,-5083691.0
SYS.pdf,profit_and_loss,consolidated,profit_from_operations,Operating profit,12006337696.0,8271972779.0
SYS.pdf,profit_and_loss,consolidated,other_income,Other income,852223165.0,603556045.0
SYS.pdf,profit_and_loss,consolidated,share_of_profit_of_associates,Share of loss from associates,-72858438.0,-118973681.0
SYS.pdf,profit_and_loss,consolidated,finance_cost,Finance costs,-337450216.0,-465258660.0
SYS.pdf,profit_and_loss,consolidated,profit_before_tax,Profit before taxation and levy,12448252207.0,8291296483.0
SYS.pdf,profit_and_loss,consolidated,profit_before_tax,Profit before taxation,11626909309.0,7816361864.0
SYS.pdf,profit_and_loss,consolidated,income_tax_expense,Taxation,-586325375.0,-356349091.0
SYS.pdf,profit_and_loss,consolidated,profit_for_the_year,Profit for the year,11040583934.0,7460012773.0
SYS.pdf,profit_and_loss,consolidated,equity_attributable_to_parent,Equity holders of the parent,11041077961.0,7460267547.0
SYS.pdf,profit_and_loss,consolidated,non_controlling_interest,Non-controlling interest,-494027.0,-254774.0
SYS.pdf,profit_and_loss,consolidated,eps,Basic earnings per share,7.52,5.11
SYS.pdf,profit_and_loss,consolidated,diluted_eps,Diluted earnings per share,7.44,5.07
SYS.pdf,profit_and_loss,consolidated,foreign_exchange_difference,Exchange differences on translation of foreign operations,-257237439.0,-195552816.0
SYS.pdf,profit_and_loss,consolidated,total_comprehensive_income,Total comprehensive income for the year,10645260516.0,7344334710.0
SYS.pdf,profit_and_loss,consolidated,equity_attributable_to_parent,Equity holders of the parent,10645754543.0,7344589484.0
Sapphire Textiles Limited.pdf,balance_sheet,consolidated,property_plant_equipment,"Property, plant and equipment",89753201787.0,89205020831.0
Sapphire Textiles Limited.pdf,balance_sheet,consolidated,investment_property,Investment property,1644567641.0,1645003518.0
Sapphire Textiles Limited.pdf,balance_sheet,consolidated,intangible_assets,Intangible assets,462887168.0,473371621.0
Sapphire Textiles Limited.pdf,balance_sheet,consolidated,exploration_evaluation_assets,Exploration and evaluation assets,135428274.0,130928274.0
Sapphire Textiles Limited.pdf,balance_sheet,consolidated,long_term_investment,Long–term investments,7065858068.0,5731684160.0
Sapphire Textiles Limited.pdf,balance_sheet,consolidated,loans_and_advances,Long–term loans and advances,66665011.0,56168867.0
Sapphire Textiles Limited.pdf,balance_sheet,consolidated,long_term_deposits_asset,Long–term deposits,224723128.0,206699068.0
Sapphire Textiles Limited.pdf,balance_sheet,consolidated,deferred_tax_assets,Deferred tax asset,,560483654.0
Sapphire Textiles Limited.pdf,balance_sheet,consolidated,stores_spares_loose_tools,"Stores, spares and loose tools",1196630130.0,979660671.0
Sapphire Textiles Limited.pdf,balance_sheet,consolidated,inventories,Stock in trade,42874980902.0,35744403520.0
Sapphire Textiles Limited.pdf,balance_sheet,consolidated,trade_receivables,Trade debts,22847820047.0,22357299246.0
Sapphire Textiles Limited.pdf,balance_sheet,consolidated,loans_and_advances,Loans and advances,319352919.0,393632520.0
Sapphire Textiles Limited.pdf,balance_sheet,consolidated,prepayments,Trade deposits and short term prepayments,337525221.0,106648789.0
Sapphire Textiles Limited.pdf,balance_sheet,consolidated,other_receivables,Other receivables,3047688935.0,2768669455.0
Sapphire Textiles Limited.pdf,balance_sheet,consolidated,short_term_investments,Short–term investments,7286637117.0,4480398075.0
Sapphire Textiles Limited.pdf,balance_sheet,consolidated,tax_refund_due_from_government,Tax refunds due from Government,5456638983.0,2796342932.0
Sapphire Textiles Limited.pdf,balance_sheet,consolidated,cash_and_bank,Cash and bank balances,19411721135.0,17533563165.0
Sapphire Textiles Limited.pdf,balance_sheet,consolidated,total_assets,Total assets,202132326466.0,185169978366.0
Sapphire Textiles Limited.pdf,balance_sheet,consolidated,share_capital,"Issued, subscribed and paid–up capital",216897910.0,216897910.0
Sapphire Textiles Limited.pdf,balance_sheet,consolidated,reserves,Reserves,74947632741.0,63270178387.0
Sapphire Textiles Limited.pdf,balance_sheet,consolidated,equity_attributable_to_parent,Equity attributable to equity holders of the parent,75164530651.0,63487076297.0
Sapphire Textiles Limited.pdf,balance_sheet,consolidated,non_controlling_interest,Non–controlling interests,22618917226.0,20176661419.0
Sapphire Textiles Limited.pdf,balance_sheet,consolidated,total_equity,Total equity,97783447877.0,83663737716.0
Sapphire Textiles Limited.pdf,balance_sheet,consolidated,trade_payables,Long–term loans and other payables,38055329359.0,46035980643.0
Sapphire Textiles Limited.pdf,balance_sheet,consolidated,lease_liabilities,Lease liabilities,3472238576.0,3221082755.0
Sapphire Textiles Limited.pdf,balance_sheet,consolidated,deferred_government_grant,Deferred income – Government grant,169620752.0,231865017.0
Sapphire Textiles Limited.pdf,balance_sheet,consolidated,deferred_tax_liabilities,Deferred tax liability,481397794.0,
Sapphire Textiles Limited.pdf,balance_sheet,consolidated,employee_benefits,Employee benefit obligations,944933052.0,813216251.0
Sapphire Textiles Limited.pdf,balance_sheet,consolidated,trade_payables,Trade and other payables,23508335673.0,18179234210.0
Sapphire Textiles Limited.pdf,balance_sheet,consolidated,contract_liabilities,Contract liabilities,1780955845.0,2164431058.0
Sapphire Textiles Limited.pdf,balance_sheet,consolidated,accrued_markup,Accrued mark–up,950759085.0,1048890952.0
Sapphire Textiles Limited.pdf,balance_sheet,consolidated,short_term_borrowings,Short–term borrowings,21561623899.0,14921225830.0
Sapphire Textiles Limited.pdf,balance_sheet,consolidated,current_maturity_long_term_debt,Current portion of long–term liabilities,13421419699.0,14557530151.0
Sapphire Textiles Limited.pdf,balance_sheet,consolidated,unclaimed_dividend,Unclaimed dividend,2264855.0,332783783.0
Sapphire Textiles Limited.pdf,balance_sheet,consolidated,total_liabilities,Total liabilities,104348878589.0,101506240650.0
Sapphire Textiles Limited.pdf,balance_sheet,consolidated,total_equity_and_liabilities,Total equity and liabilities,202132326466.0,185169978366.0
Sapphire Textiles Limited.pdf,cash_flow,consolidated,cash_generated_from_operations,CASH GENERATED FROM OPERATIONS,29304831342.0,36252527270.0
Sapphire Textiles Limited.pdf,cash_flow,consolidated,long_term_advances_deposits,"Change in long term loans, advances and deposits",-112860197.0,135192549.0
Sapphire Textiles Limited.pdf,cash_flow,consolidated,finance_cost_paid,Finance cost paid,-9032577355.0,-12402502759.0
Sapphire Textiles Limited.pdf,cash_flow,consolidated,taxes_paid,Taxes paid,-6247089696.0,-1668841293.0
Sapphire Textiles Limited.pdf,cash_flow,consolidated,employee_benefits,Staff retirement benefit paid,-244420257.0,-186638163.0
Sapphire Textiles Limited.pdf,cash_flow,consolidated,compensated_absences_paid,Accumulating compensated absences paid,-13621657.0,-20330592.0
Sapphire Textiles Limited.pdf,cash_flow,consolidated,net_cash_from_operations,Net cash generated from operating activities,13654262180.0,22109407012.0
Sapphire Textiles Limited.pdf,cash_flow,consolidated,capital_expenditure,Fixed capital expenditure,-8447010742.0,-6627126149.0
Sapphire Textiles Limited.pdf,cash_flow,consolidated,investment_property,Purchase of investment property –,,-4462257.0
Sapphire Textiles Limited.pdf,cash_flow,consolidated,exploration_evaluation_assets,Exploration and evaluation expenditure,-4500000.0,-18000000.0
Sapphire Textiles Limited.pdf,cash_flow,consolidated,investment_bond_proceeds,Proceeds from disposal of investment property –,,123825888.0
Sapphire Textiles Limited.pdf,cash_flow,consolidated,proceeds_disposal_fixed_assets,Proceeds from disposal of operating fixed assets,255321535.0,373511916.0
Sapphire Textiles Limited.pdf,cash_flow,consolidated,investment_in_shares_certificates,Investments in shares and certificates,-2463011608.0,-1623934764.0
Sapphire Textiles Limited.pdf,cash_flow,consolidated,proceeds_sale_equity_instrument,Proceeds from sale of equity instrument,2083718009.0,1875258387.0
Sapphire Textiles Limited.pdf,cash_flow,consolidated,interest_income_received,Rental income received,13613106.0,12649950.0
Sapphire Textiles Limited.pdf,cash_flow,consolidated,dividend_income,Dividend income received - others,1023926864.0,973030741.0
Sapphire Textiles Limited.pdf,cash_flow,consolidated,dividend_income,Dividend income received - associates,28263852.0,37263851.0
Sapphire Textiles Limited.pdf,cash_flow,consolidated,interest_income_received,Interest income received,1155857201.0,1226741850.0
Sapphire Textiles Limited.pdf,cash_flow,consolidated,cash_from_investing,Net cash used in investing activities,-6353821783.0,-3651240587.0
Sapphire Textiles Limited.pdf,cash_flow,consolidated,long_term_borrowings,Long term finances - obtained,4115608853.0,2410000000.0
Sapphire Textiles Limited.pdf,cash_flow,consolidated,foreign_exchange_difference,Exchange gain /(loss) on translation of foreign subsidiaries,20786372.0,-7650816.0
Sapphire Textiles Limited.pdf,cash_flow,consolidated,dividend_paid,Dividend paid,-2352381509.0,-2382146478.0
Sapphire Textiles Limited.pdf,cash_flow,consolidated,short_term_borrowings,Short term borrowings - net,6638345217.0,-2442579780.0
Sapphire Textiles Limited.pdf,cash_flow,consolidated,lease_liabilities,Lease liabilities,-1221927397.0,-942802346.0
Sapphire Textiles Limited.pdf,cash_flow,consolidated,cash_from_financing,Net cash used in financing activities,-5466337632.0,-15460477159.0
Sapphire Textiles Limited.pdf,cash_flow,consolidated,net_change_in_cash,Net increase in cash and cash equivalents,1834102766.0,2997689266.0
Sapphire Textiles Limited.pdf,cash_flow,consolidated,foreign_exchange_difference,Net foreign exchange difference,44055204.0,-6858496.0
Sapphire Textiles Limited.pdf,cash_flow,consolidated,cash_at_beginning,Cash and cash equivalents - at beginning of the year,17533563165.0,14542732395.0
Sapphire Textiles Limited.pdf,cash_flow,consolidated,cash_and_equivalents_at_end,Cash and cash equivalents - at end of the year,19411721135.0,17533563165.0
Sapphire Textiles Limited.pdf,profit_and_loss,consolidated,revenue,Net turnover,152504059304.0,137298442336.0
Sapphire Textiles Limited.pdf,profit_and_loss,consolidated,cost_of_sales,Cost of sales,-115828966273.0,-96259653924.0
Sapphire Textiles Limited.pdf,profit_and_loss,consolidated,gross_profit,Gross profit,36675093031.0,41038788412.0
Sapphire Textiles Limited.pdf,profit_and_loss,consolidated,distribution_costs,Distribution cost,-10068014966.0,-7915923530.0
Sapphire Textiles Limited.pdf,profit_and_loss,consolidated,administrative_expenses,Administrative expenses,-2541192920.0,-2134088998.0
Sapphire Textiles Limited.pdf,profit_and_loss,consolidated,other_operating_expenses,Other operating expenses,-739437917.0,-490475902.0
Sapphire Textiles Limited.pdf,profit_and_loss,consolidated,other_income,Other income,3018396460.0,4400397806.0
Sapphire Textiles Limited.pdf,profit_and_loss,consolidated,profit_from_operations,Profit from operations,26344843688.0,34898697788.0
Sapphire Textiles Limited.pdf,profit_and_loss,consolidated,finance_cost,Finance cost,-9397543336.0,-12341291105.0
Sapphire Textiles Limited.pdf,profit_and_loss,consolidated,share_of_profit_of_associates,Share of profit of associated companies,342722537.0,236916641.0
Sapphire Textiles Limited.pdf,profit_and_loss,consolidated,profit_before_tax,"Profit before revenue tax, income tax and levy",17290022889.0,22794323324.0
Sapphire Textiles Limited.pdf,profit_and_loss,consolidated,levies,Final taxes – levy,-1714365370.0,-1824870110.0
Sapphire Textiles Limited.pdf,profit_and_loss,consolidated,profit_before_tax,Profit before income tax,15575657519.0,20969453214.0
Sapphire Textiles Limited.pdf,profit_and_loss,consolidated,income_tax_expense,Income tax expense,-2438540940.0,-1242790639.0
Sapphire Textiles Limited.pdf,profit_and_loss,consolidated,profit_for_the_year,Profit for the year,13137116579.0,19726662575.0
Sapphire Textiles Limited.pdf,profit_and_loss,consolidated,equity_attributable_to_parent,Equity holders of the parent,9442985772.0,13263476503.0
Sapphire Textiles Limited.pdf,profit_and_loss,consolidated,non_controlling_interest,Non–controlling interests,3694130807.0,6463186072.0
Sapphire Textiles Limited.pdf,profit_and_loss,consolidated,eps,Earnings per share – basic and diluted,435.37,611.51
Sapphire Textiles Limited.pdf,profit_and_loss,consolidated,profit_for_the_year,Profit after taxation,13137116579.0,19726662575.0
Sapphire Textiles Limited.pdf,profit_and_loss,consolidated,foreign_exchange_difference,Exchange difference on translation of foreign operations,82208798.0,-27669237.0
Sapphire Textiles Limited.pdf,profit_and_loss,consolidated,long_term_loans,long term,1853330513.0,2022077846.0
Sapphire Textiles Limited.pdf,profit_and_loss,consolidated,short_term_deposits,short term,1479028579.0,2081112456.0
Sapphire Textiles Limited.pdf,profit_and_loss,consolidated,total_comprehensive_income,Total comprehensive income for the year,16338959333.0,22151473481.0
Sapphire Textiles Limited.pdf,profit_and_loss,consolidated,equity_attributable_to_parent,Equity holders of the parent,12644828526.0,15688287409.0
Sapphire Textiles Limited.pdf,profit_and_loss,consolidated,non_controlling_interest,Non- controlling interests,3694130807.0,6463186072.0
TPL Tracker ltd.pdf,balance_sheet,consolidated,depreciation_amortisation,Property and equipment,538515093.0,732309773.0
TPL Tracker ltd.pdf,balance_sheet,consolidated,right_of_use_assets,Right-of-use assets,216595232.0,118763714.0
TPL Tracker ltd.pdf,balance_sheet,consolidated,intangible_assets,Intangible assets,2361081067.0,2565992941.0
TPL Tracker ltd.pdf,balance_sheet,consolidated,long_term_investment,Long-term investments,736036898.0,
TPL Tracker ltd.pdf,balance_sheet,consolidated,long_term_advances_deposits,Long term advances and deposits,48188706.0,51157517.0
TPL Tracker ltd.pdf,balance_sheet,consolidated,deferred_tax_assets,Deferred tax asset,251549270.0,290168512.0
TPL Tracker ltd.pdf,balance_sheet,consolidated,inventories,Stock-in-trade,309552268.0,278381452.0
TPL Tracker ltd.pdf,balance_sheet,consolidated,trade_receivables,Trade debts,460063546.0,742189695.0
TPL Tracker ltd.pdf,balance_sheet,consolidated,advances_deposits_prepayments,"Loans, advances, deposits and prepayments",107397514.0,133772356.0
TPL Tracker ltd.pdf,balance_sheet,consolidated,due_from_related_parties,Due from related parties,187365137.0,303043248.0
TPL Tracker ltd.pdf,balance_sheet,consolidated,accrued_markup,Accrued mark-up,409985578.0,463709975.0
TPL Tracker ltd.pdf,balance_sheet,consolidated,cash_and_bank,Cash and bank balances,135816775.0,185950488.0
TPL Tracker ltd.pdf,balance_sheet,consolidated,total_assets,TOTAL ASSETS,5762147084.0,5865439671.0
TPL Tracker ltd.pdf,balance_sheet,consolidated,share_capital,"Issued, subscribed and paid-up capital",1872630930.0,1872630930.0
TPL Tracker ltd.pdf,balance_sheet,consolidated,reserves,Capital reserves,202650046.0,202650046.0
TPL Tracker ltd.pdf,balance_sheet,consolidated,reserves,Revenue reserve,-330434668.0,-132921286.0
TPL Tracker ltd.pdf,balance_sheet,consolidated,other_components_of_equity,Other components of equity,,-117060957.0
TPL Tracker ltd.pdf,balance_sheet,consolidated,non_controlling_interest,Non-controlling interest,,-515651290.0
TPL Tracker ltd.pdf,balance_sheet,consolidated,repayment_long_term_financing,Long-term financing,18306179.0,534459413.0
TPL Tracker ltd.pdf,balance_sheet,consolidated,lease_liabilities,Lease liabilities,166858961.0,64935780.0
TPL Tracker ltd.pdf,balance_sheet,consolidated,employee_benefits,Deferred liability - staff gratuity,14965613.0,45424119.0
TPL Tracker ltd.pdf,balance_sheet,consolidated,trade_payables,Trade and other payables,1475007237.0,1656666253.0
TPL Tracker ltd.pdf,balance_sheet,consolidated,contract_liabilities,Contract liabilities,288598283.0,361799117.0
TPL Tracker ltd.pdf,balance_sheet,consolidated,short_term_borrowings,Short-term borrowings,1034701094.0,977082351.0
TPL Tracker ltd.pdf,balance_sheet,consolidated,current_portion_non_current_liabilities,Current portion of non-current liabilities,307056933.0,390214999.0
TPL Tracker ltd.pdf,balance_sheet,consolidated,due_to_related_parties,Due to related parties,446010411.0,304461312.0
TPL Tracker ltd.pdf,balance_sheet,consolidated,accrued_markup,Accrued mark-up,202437221.0,134821077.0
TPL Tracker ltd.pdf,balance_sheet,consolidated,income_tax_expense,Taxation - net,63358844.0,85927807.0
TPL Tracker ltd.pdf,balance_sheet,consolidated,total_equity_and_liabilities,TOTAL EQUITY AND LIABILITIES,5762147084.0,5865439671.0
TPL Tracker ltd.pdf,cash_flow,unconsolidated,profit_before_tax,(Loss) / profit before income tax and levies,-14367744.0,189998605.0
TPL Tracker ltd.pdf,cash_flow,unconsolidated,depreciation_amortisation,Depreciation,244246468.0,269510698.0
TPL Tracker ltd.pdf,cash_flow,unconsolidated,depreciation_amortisation,Amortisation,640992.0,640992.0
TPL Tracker ltd.pdf,cash_flow,unconsolidated,credit_loss_allowance,Allowance for ECL,30664705.0,24904789.0
TPL Tracker ltd.pdf,cash_flow,unconsolidated,finance_cost,Finance costs,337244651.0,518950940.0
TPL Tracker ltd.pdf,cash_flow,unconsolidated,inventories,Stock-in-trade,-150880886.0,65384253.0
TPL Tracker ltd.pdf,cash_flow,unconsolidated,trade_receivables,Trade debts,227373850.0,226496494.0
TPL Tracker ltd.pdf,cash_flow,unconsolidated,advances_deposits_prepayments,"Loans, advances, deposits and prepayments",9240494.0,-16338560.0
TPL Tracker ltd.pdf,cash_flow,unconsolidated,due_from_related_parties,Due from related parties,75613781.0,-52496550.0
TPL Tracker ltd.pdf,cash_flow,unconsolidated,accrued_markup,Accrued mark-up,42006413.0,-136839520.0
TPL Tracker ltd.pdf,cash_flow,unconsolidated,trade_payables,Trade and other payables,-14355953.0,117907938.0
TPL Tracker ltd.pdf,cash_flow,unconsolidated,contract_liabilities,Contract liabilities,-30678273.0,39917413.0
TPL Tracker ltd.pdf,cash_flow,unconsolidated,due_to_related_parties,Due to related parties,38924619.0,-38749518.0
TPL Tracker ltd.pdf,cash_flow,unconsolidated,finance_cost_paid,Finance costs paid,-267283904.0,-532149699.0
TPL Tracker ltd.pdf,cash_flow,unconsolidated,taxes_paid,Income tax paid,-62880883.0,-66311141.0
TPL Tracker ltd.pdf,cash_flow,unconsolidated,long_term_advances_deposits,Long term advances and deposits - net,3937622.0,-83809.0
TPL Tracker ltd.pdf,cash_flow,unconsolidated,net_cash_from_operations,Net cash generated from operating activities,452858368.0,608012289.0
TPL Tracker ltd.pdf,cash_flow,unconsolidated,depreciation_amortisation,Additions to property and equipment - net,-25798550.0,-47786408.0
TPL Tracker ltd.pdf,cash_flow,unconsolidated,intangible_assets,Additions to intangible assets,-39517540.0,-44454875.0
TPL Tracker ltd.pdf,cash_flow,unconsolidated,short_term_investment_made,Investment made,-140430666.0,
TPL Tracker ltd.pdf,cash_flow,unconsolidated,cash_from_investing,Net cash used in investing activities,-205746756.0,-92241283.0
TPL Tracker ltd.pdf,cash_flow,unconsolidated,long_term_borrowings,Long term financing - net,-245125566.0,-252977757.0
TPL Tracker ltd.pdf,cash_flow,unconsolidated,lease_liabilities,Lease liabilities repaid,-93322159.0,-87352249.0
TPL Tracker ltd.pdf,cash_flow,unconsolidated,short_term_borrowings,Short term borrowings - net,6475041.0,-79155039.0
TPL Tracker ltd.pdf,cash_flow,unconsolidated,cash_from_financing,Net cash used in financing activities,-331972684.0,-419485045.0
TPL Tracker ltd.pdf,cash_flow,unconsolidated,net_change_in_cash,Net (decrease) / increase in cash and cash equivalents during the year,-84861072.0,96285962.0
TPL Tracker ltd.pdf,cash_flow,unconsolidated,cash_at_beginning,Cash and cash equivalents at beginning of the year,-572557066.0,-668843028.0
TPL Tracker ltd.pdf,cash_flow,unconsolidated,cash_and_equivalents_at_end,Cash and cash equivalents at end of the year,-657418138.0,-572557066.0
TPL Tracker ltd.pdf,cash_flow,unconsolidated,profit_before_tax,Profit / (loss) before income tax and levies,78725335.0,-56571123.0
TPL Tracker ltd.pdf,cash_flow,unconsolidated,depreciation_operating_fixed_assets,Depreciation on operating fixed assets,187829976.0,242423837.0
TPL Tracker ltd.pdf,cash_flow,unconsolidated,depreciation_rou_assets,Depreciation on right of use assets,61617840.0,67233119.0
TPL Tracker ltd.pdf,cash_flow,unconsolidated,depreciation_amortisation,Amortisation,8166180.0,8166180.0
TPL Tracker ltd.pdf,cash_flow,unconsolidated,credit_loss_allowance,Allowance for ECL,24878924.0,6963986.0
TPL Tracker ltd.pdf,cash_flow,unconsolidated,finance_cost,Finance costs,343109414.0,551175055.0
TPL Tracker ltd.pdf,cash_flow,unconsolidated,share_of_profit_of_associates,Share of loss from associate,14329253.0,
TPL Tracker ltd.pdf,cash_flow,unconsolidated,gain_disposal_subsidiary,Gain on disposal of subsidiary,-338092069.0,
TPL Tracker ltd.pdf,cash_flow,unconsolidated,provision_for_taxation,Provision for gratuity,3629148.0,7014470.0
TPL Tracker ltd.pdf,cash_flow,unconsolidated,foreign_exchange_difference,Exchange loss - net,127120847.0,
TPL Tracker ltd.pdf,cash_flow,unconsolidated,inventories,Stock-in-trade,-75485501.0,35447990.0
TPL Tracker ltd.pdf,cash_flow,unconsolidated,trade_receivables,Trade debts,282126149.0,287424980.0
TPL Tracker ltd.pdf,cash_flow,unconsolidated,advances_deposits_prepayments,"Loans, advances, deposits and prepayments",26374842.0,-16288972.0
TPL Tracker ltd.pdf,cash_flow,unconsolidated,due_from_related_parties,Due from related parties,115678111.0,98179162.0
TPL Tracker ltd.pdf,cash_flow,unconsolidated,accrued_markup,Accrued mark-up,53724397.0,-54781954.0
TPL Tracker ltd.pdf,cash_flow,unconsolidated,trade_payables,Trade and other payables,-181659016.0,173000135.0
TPL Tracker ltd.pdf,cash_flow,unconsolidated,contract_liabilities,Contract liabilities,-73200834.0,39917413.0
TPL Tracker ltd.pdf,cash_flow,unconsolidated,due_to_related_parties,Due to related parties,141549099.0,-31480797.0
TPL Tracker ltd.pdf,cash_flow,unconsolidated,finance_cost_paid,Finance costs paid,-267975389.0,-561268180.0
TPL Tracker ltd.pdf,cash_flow,unconsolidated,employee_benefits,Gratuity paid,-3740910.0,-887693.0
TPL Tracker ltd.pdf,cash_flow,unconsolidated,taxes_paid,Income tax paid,-75409567.0,-75920421.0
TPL Tracker ltd.pdf,cash_flow,unconsolidated,long_term_advances_deposits,Long term advances and deposits,2968811.0,56191.0
TPL Tracker ltd.pdf,cash_flow,unconsolidated,net_cash_from_operations,Net cash generated from operating activities,418708525.0,721663116.0
TPL Tracker ltd.pdf,cash_flow,unconsolidated,depreciation_amortisation,Additions to property and equipment - net,-117234559.0,-37123713.0
TPL Tracker ltd.pdf,cash_flow,unconsolidated,intangible_assets,Additions to intangible assets,-90606974.0,-95901341.0
TPL Tracker ltd.pdf,cash_flow,unconsolidated,cash_from_investing,Net cash used in investing activities,-207841533.0,-133025054.0
TPL Tracker ltd.pdf,cash_flow,unconsolidated,repayment_long_term_financing,Repayment of long term financing - net,-247554367.0,-320850919.0
TPL Tracker ltd.pdf,cash_flow,unconsolidated,short_term_borrowings,Proceed from short-term borrowings - net,28732119.0,-90880549.0
TPL Tracker ltd.pdf,cash_flow,unconsolidated,cash_from_financing,Net cash used in financing activities,-312144407.0,-499083717.0
TPL Tracker ltd.pdf,cash_flow,unconsolidated,net_change_in_cash,Net (decrease) / increase in cash and cash equivalents,-101277415.0,89554345.0
TPL Tracker ltd.pdf,cash_flow,unconsolidated,cash_at_beginning,Cash and cash equivalents beginning of the year,-546154467.0,-653560618.0
TPL Tracker ltd.pdf,cash_flow,unconsolidated,foreign_exchange_difference,Net foreign exchange differences,,17851806.0
TPL Tracker ltd.pdf,cash_flow,unconsolidated,cash_and_equivalents_at_end,Cash and cash equivalents end of the year,-647431882.0,-546154467.0
TPL Tracker ltd.pdf,profit_and_loss,consolidated,cost_of_sales,Cost of sales and services,-1129083661.0,-1800513451.0
TPL Tracker ltd.pdf,profit_and_loss,consolidated,gross_profit,Gross profit,703177905.0,1413991554.0
TPL Tracker ltd.pdf,profit_and_loss,consolidated,distribution_costs,Distribution expenses,-114206362.0,-141511814.0
TPL Tracker ltd.pdf,profit_and_loss,consolidated,administrative_expenses,Administrative expenses,-404176134.0,-747969208.0
TPL Tracker ltd.pdf,profit_and_loss,consolidated,profit_from_operations,Operating profit,184795409.0,524510532.0
TPL Tracker ltd.pdf,profit_and_loss,consolidated,research_development_expenses,Research and development expenses,-77070830.0,-93179163.0
TPL Tracker ltd.pdf,profit_and_loss,consolidated,other_expenses,Other expenses,-151999771.0,-79990547.0
TPL Tracker ltd.pdf,profit_and_loss,consolidated,finance_cost,Finance costs,-343109414.0,-547265443.0
TPL Tracker ltd.pdf,profit_and_loss,consolidated,other_income,Other income,480439193.0,139353499.0
TPL Tracker ltd.pdf,profit_and_loss,consolidated,share_of_profit_of_associates,Share of loss from associate,-14329253.0,
TPL Tracker ltd.pdf,profit_and_loss,consolidated,profit_before_tax,Profit / (loss) before income tax and levies,78725335.0,-56571123.0
TPL Tracker ltd.pdf,profit_and_loss,consolidated,levies,Levies - minimum tax,-55058879.0,-55662627.0
TPL Tracker ltd.pdf,profit_and_loss,consolidated,profit_before_tax,Profit / (loss) before income tax,23666456.0,-112233750.0
TPL Tracker ltd.pdf,profit_and_loss,consolidated,income_tax_expense,Taxation,268133.0,7995336.0
TPL Tracker ltd.pdf,profit_and_loss,consolidated,profit_continuing_operations,Profit / (loss) from continuing operations,23934589.0,-104238414.0
TPL Tracker ltd.pdf,profit_and_loss,consolidated,loss_discontinued_operations,Loss from discontinued operations,-20134734.0,
TPL Tracker ltd.pdf,profit_and_loss,consolidated,profit_for_the_year,Net profit / (loss) for the year,3799855.0,-104238414.0
TPL Tracker ltd.pdf,profit_and_loss,consolidated,foreign_exchange_difference,Exchange differences on translation of foreign subsidiary,3916639.0,-30439506.0
TPL Tracker ltd.pdf,profit_and_loss,consolidated,total_comprehensive_income,Total comprehensive income / (loss) for the year,7716494.0,-134677920.0
TPL Tracker ltd.pdf,profit_and_loss,consolidated,equity_attributable_to_parent,Owners of the Holding Company,13867222.0,5347602.0
TPL Tracker ltd.pdf,profit_and_loss,consolidated,non_controlling_interest,Non-controlling interest,-10067367.0,-109586015.0
TPL Tracker ltd.pdf,profit_and_loss,consolidated,equity_attributable_to_parent,Owners of the Holding Company,15825541.0,-9872151.0
TPL Tracker ltd.pdf,profit_and_loss,consolidated,non_controlling_interest,Non-controlling interest,-8109048.0,-124805769.0
TPL Tracker ltd.pdf,profit_and_loss,consolidated,eps,Earnings per share – basic,0.07,0.03
